sigma,sigma_plx_mas,sigma_pm_mas_yr,seed,sig_clean_median,sig_noisy_median,sig_nri_high,delta_sig_ratio,fld_clean_median,fld_noisy_median,fld_nri_low,delta_fld_ratio,margin,separated
1.5,0.02,0.05,42,0.20831685512507525,0.20860814384907278,0.21830246743186021,0.00029128872399752925,0.8135025395236064,0.8130921609842382,0.782287242509476,-0.0004103785393682058,0.6044840171351654,True
1.5,0.02,0.05,123,0.2058891717358159,0.20785697673487769,0.21741255855251623,0.001967804999061795,0.8568345704954752,0.8547908459392581,0.8204689056796142,-0.0020437245562170414,0.6469338692043805,True
1.5,0.02,0.05,999,0.19835199653526514,0.19801114458421362,0.20654557227524642,-0.00034085195105151844,0.8325816920054112,0.8297631499915952,0.7977356444638841,-0.002818542013816039,0.6317520054073815,True
1.5,0.02,0.2,42,0.20831685512507525,0.20811793119400102,0.2180955134714488,-0.00019892393107423523,0.8135025395236064,0.8129907305011198,0.7820195591812182,-0.0005118090224865979,0.6048727993071188,True
1.5,0.02,0.2,123,0.2058891717358159,0.2088705351577797,0.21865128865043024,0.002981363421963812,0.8568345704954752,0.8542529939745734,0.8209861519977147,-0.0025815765209017405,0.6453824588167938,True
1.5,0.02,0.2,999,0.19835199653526514,0.19679242285435639,0.20516549991259353,-0.0015595736809087546,0.8325816920054112,0.8320053577531692,0.7995590444128937,-0.0005763342522420167,0.6352129348988128,True
1.5,0.02,1.0,42,0.20831685512507525,0.2147552948599329,0.2235644565458407,0.006438439734857637,0.8135025395236064,0.8136965694487309,0.7802488358075275,0.000194029925124517,0.5989412745887981,True
1.5,0.02,1.0,123,0.2058891717358159,0.21139041025679575,0.2216270084814761,0.005501238520979862,0.8568345704954752,0.8513625638041562,0.8182331035193923,-0.005472006691318976,0.6399721535473605,True
1.5,0.02,1.0,999,0.19835199653526514,0.1991498633596508,0.2075891270154704,0.0007978668243856513,0.8325816920054112,0.8356024963452757,0.8007182408784195,0.0030208043398645135,0.6364526329856249,True
1.5,0.05,0.05,42,0.20831685512507525,0.20898345480062752,0.21778256211045122,0.0006665996755522707,0.8135025395236064,0.8129882273676924,0.77914355797725,-0.0005143121559140207,0.6040047725670649,True
1.5,0.05,0.05,123,0.2058891717358159,0.20887175064388158,0.21915375079221255,0.0029825789080656917,0.8568345704954752,0.8560229180739611,0.8198046051850051,-0.0008116524215140419,0.6471511674300796,True
1.5,0.05,0.05,999,0.19835199653526514,0.19818569414279805,0.2071097078674951,-0.00016630239246709366,0.8325816920054112,0.8302849816106028,0.7960259541897199,-0.002296710394808388,0.6320992874678047,True
1.5,0.05,0.2,42,0.20831685512507525,0.20814796799555307,0.21715239047193147,-0.00016888712952217722,0.8135025395236064,0.8135714204044611,0.7796646015865196,6.888088085466038e-05,0.6054234524089079,True
1.5,0.05,0.2,123,0.2058891717358159,0.2089880094106626,0.21945335478471595,0.0030988376748466995,0.8568345704954752,0.8550959989807341,0.8194837207432009,-0.0017385715147411052,0.6461079895700714,True
1.5,0.05,0.2,999,0.19835199653526514,0.19683605548818167,0.20529169102933106,-0.0015159410470834689,0.8325816920054112,0.8325057761932741,0.7976623068230831,-7.591581213706178e-05,0.6356697207050925,True
1.5,0.05,1.0,42,0.20831685512507525,0.21474639980936006,0.2235223542906329,0.006429544684284805,0.8135025395236064,0.8144909588467888,0.7786647665926886,0.000988419323182388,0.5997445590374287,True
1.5,0.05,1.0,123,0.2058891717358159,0.21177400870883956,0.22188749993834136,0.005884836973023666,0.8568345704954752,0.8516764980311305,0.8133732192522392,-0.005158072464344632,0.639902489322291,True
1.5,0.05,1.0,999,0.19835199653526514,0.19901427953487283,0.20775760154314704,0.0006622829996076884,0.8325816920054112,0.8356518753743857,0.8004036248114494,0.003070183368974466,0.6366375958395128,True
1.5,0.1,0.05,42,0.20831685512507525,0.20888716947493197,0.21787999665170749,0.0005703143498567154,0.8135025395236064,0.8139618902310732,0.778787323712171,0.0004593507074668324,0.6050747207561413,True
1.5,0.1,0.05,123,0.2058891717358159,0.20775985084247883,0.21785941117453986,0.0018706791066629425,0.8568345704954752,0.8565248752764676,0.8212416527561113,-0.00030969521900758856,0.6487650244339888,True
1.5,0.1,0.05,999,0.19835199653526514,0.19859652285118728,0.2075281577395677,0.00024452631592214447,0.8325816920054112,0.8312173515865476,0.7988878611354735,-0.0013643404188635744,0.6326208287353603,True
1.5,0.1,0.2,42,0.20831685512507525,0.2081171728515569,0.2171002161667322,-0.00019968227351835344,0.8135025395236064,0.8137490791822181,0.7789804337105887,0.0002465396586116553,0.6056319063306612,True
1.5,0.1,0.2,123,0.2058891717358159,0.2082202873158783,0.21843300387441508,0.0023311155800624095,0.8568345704954752,0.8559077391026841,0.8208442143478144,-0.0009268313927910388,0.6476874517868059,True
1.5,0.1,0.2,999,0.19835199653526514,0.19720270159055125,0.2060236211880061,-0.0011492949447138856,0.8325816920054112,0.8333735252444134,0.800186527212415,0.0007918332390022265,0.6361708236538621,True
1.5,0.1,1.0,42,0.20831685512507525,0.21409750031587624,0.2234363599928268,0.005780645190800987,0.8135025395236064,0.8149295297391654,0.7803996399878182,0.001426990215559032,0.6008320294232892,True
1.5,0.1,1.0,123,0.2058891717358159,0.2116566790509328,0.22224070943029695,0.00576750731511691,0.8568345704954752,0.8513393807136307,0.8153727951337855,-0.0054951897818444895,0.6396827016626979,True
1.5,0.1,1.0,999,0.19835199653526514,0.19953384639370653,0.2076607068061262,0.0011818498584413861,0.8325816920054112,0.8367897325803275,0.8027966416401682,0.004208040574916305,0.637255886186621,True
1.5,0.3,0.05,42,0.20831685512507525,0.20767246358136346,0.21672739772896193,-0.000644391543711792,0.8135025395236064,0.8128009464854591,0.7804712669211621,-0.000701593038147319,0.6051284829040956,True
1.5,0.3,0.05,123,0.2058891717358159,0.2065520896499768,0.2164678770265258,0.0006629179141608987,0.8568345704954752,0.855811520348803,0.822923804391225,-0.0010230501466721442,0.6492594306988262,True
1.5,0.3,0.05,999,0.19835199653526514,0.19886759080169147,0.20859270156428417,0.0005155942664263335,0.8325816920054112,0.8316342329261062,0.797238632953949,-0.0009474590793050464,0.6327666421244147,True
1.5,0.3,0.2,42,0.20831685512507525,0.20746858219015646,0.21648898736160033,-0.0008482729349187923,0.8135025395236064,0.8133782740229301,0.7812431766726318,-0.000124265500676346,0.6059096918327735,True
1.5,0.3,0.2,123,0.2058891717358159,0.20755487055696847,0.21771021663760787,0.0016656988211525836,0.8568345704954752,0.8551641990905614,0.8228953403306516,-0.001670371404913773,0.6476093285335929,True
1.5,0.3,0.2,999,0.19835199653526514,0.19755880271368542,0.20691291573765408,-0.0007931938215797185,0.8325816920054112,0.8334920642006349,0.799610931417441,0.0009103721952237187,0.6359332614869495,True
1.5,0.3,1.0,42,0.20831685512507525,0.21362479606625137,0.22223973460955612,0.00530794094117612,0.8135025395236064,0.8158049091988357,0.7792805399367376,0.002302369675229343,0.6021801131325843,True
1.5,0.3,1.0,123,0.2058891717358159,0.21098323021280985,0.2212268178029566,0.005094058476993957,0.8568345704954752,0.8514457573860452,0.8176806941695728,-0.005388813109429957,0.6404625271732354,True
1.5,0.3,1.0,999,0.19835199653526514,0.1999300277645929,0.20892391104745553,0.0015780312293277587,0.8325816920054112,0.836469201332164,0.8020175118245474,0.003887509326752747,0.6365391735675711,True
1.5,0.5,0.05,42,0.20831685512507525,0.20793443357039051,0.21596320181068993,-0.0003824215546847365,0.8135025395236064,0.8128254509652717,0.7822725131584086,-0.0006770885583347042,0.6048910173948812,True
1.5,0.5,0.05,123,0.2058891717358159,0.2067112185704543,0.2161204360150181,0.0008220468346384069,0.8568345704954752,0.8544093441959902,0.8172419781927714,-0.0024252262994849394,0.647698125625536,True
1.5,0.5,0.05,999,0.19835199653526514,0.1981102813032008,0.20712360617506356,-0.00024171523206434342,0.8325816920054112,0.8310374573281751,0.7992784789637447,-0.0015442346772360782,0.6329271760249744,True
1.5,0.5,0.2,42,0.20831685512507525,0.20783747102285072,0.21567251452461053,-0.00047938410222453376,0.8135025395236064,0.8139178813176424,0.7836276968331314,0.0004153417940360171,0.6060804102947916,True
1.5,0.5,0.2,123,0.2058891717358159,0.20785704951688558,0.2173396756211693,0.001967877781069688,0.8568345704954752,0.8546147892736922,0.8171154145450277,-0.0022197812217830126,0.6467577397568066,True
1.5,0.5,0.2,999,0.19835199653526514,0.19735936837618473,0.20619318454308808,-0.000992628159080411,0.8325816920054112,0.8322782005346789,0.8008779787985251,-0.00030349147073227556,0.6349188321584942,True
1.5,0.5,1.0,42,0.20831685512507525,0.21323315906156215,0.2211854018745829,0.004916303936486899,0.8135025395236064,0.8154586724002442,0.7838836356756578,0.0019561328766377617,0.602225513338682,True
1.5,0.5,1.0,123,0.2058891717358159,0.21126635216589434,0.2209621758366771,0.005377180430078454,0.8568345704954752,0.8494049436788491,0.8111385802089821,-0.007429626816626067,0.6381385915129547,True
1.5,0.5,1.0,999,0.19835199653526514,0.20011227515478625,0.20777767084271695,0.001760278619521105,0.8325816920054112,0.8362938560463441,0.8037535405644949,0.003712164040932886,0.6361815808915579,True
15.0,0.02,0.05,42,0.6020099478771002,0.6002659333066639,0.6271958267043088,-0.0017440145704362697,0.8135025395236064,0.8130921609842382,0.782287242509476,-0.0004103785393682058,0.2128262276775743,True
15.0,0.02,0.05,123,0.6116372617107582,0.6108423410938852,0.6362258794196766,-0.0007949206168729184,0.8568345704954752,0.8547908459392581,0.8204689056796142,-0.0020437245562170414,0.2439485048453729,True
15.0,0.02,0.05,999,0.5667811200687464,0.5657574315384352,0.5947977350059753,-0.0010236885303112064,0.8325816920054112,0.8297631499915952,0.7977356444638841,-0.002818542013816039,0.26400571845316,True
15.0,0.02,0.2,42,0.6020099478771002,0.5993127147028905,0.6264425537045836,-0.002697233174209668,0.8135025395236064,0.8129907305011198,0.7820195591812182,-0.0005118090224865979,0.21367801579822931,True
15.0,0.02,0.2,123,0.6116372617107582,0.6115611592871353,0.6374653774650265,-7.610242362288133e-05,0.8568345704954752,0.8542529939745734,0.8209861519977147,-0.0025815765209017405,0.24269183468743816,True
15.0,0.02,0.2,999,0.5667811200687464,0.5650947522288083,0.5940689504488145,-0.00168636783993803,0.8325816920054112,0.8320053577531692,0.7995590444128937,-0.0005763342522420167,0.26691060552436086,True
15.0,0.02,1.0,42,0.6020099478771002,0.5970646631954099,0.6248330860530625,-0.0049452846816903095,0.8135025395236064,0.8136965694487309,0.7802488358075275,0.000194029925124517,0.21663190625332107,True
15.0,0.02,1.0,123,0.6116372617107582,0.6073818666507117,0.6341815916540058,-0.004255395060046463,0.8568345704954752,0.8513625638041562,0.8182331035193923,-0.005472006691318976,0.2439806971534445,True
15.0,0.02,1.0,999,0.5667811200687464,0.5611358884984639,0.5894238567694136,-0.005645231570282516,0.8325816920054112,0.8356024963452757,0.8007182408784195,0.0030208043398645135,0.27446660784681187,True
15.0,0.05,0.05,42,0.6020099478771002,0.5990355839917979,0.6246802530182276,-0.002974363885302256,0.8135025395236064,0.8129882273676924,0.77914355797725,-0.0005143121559140207,0.21395264337589448,True
15.0,0.05,0.05,123,0.6116372617107582,0.6100573633707296,0.6365848046009902,-0.0015798983400285849,0.8568345704954752,0.8560229180739611,0.8198046051850051,-0.0008116524215140419,0.24596555470323156,True
15.0,0.05,0.05,999,0.5667811200687464,0.5657718316823408,0.5939386333100293,-0.0010092883864055713,0.8325816920054112,0.8302849816106028,0.7960259541897199,-0.002296710394808388,0.264513149928262,True
15.0,0.05,0.2,42,0.6020099478771002,0.5986557857499759,0.6240968864041674,-0.0033541621271242494,0.8135025395236064,0.8135714204044611,0.7796646015865196,6.888088085466038e-05,0.21491563465448515,True
15.0,0.05,0.2,123,0.6116372617107582,0.6109737633602438,0.6367559292134104,-0.0006634983505143799,0.8568345704954752,0.8550959989807341,0.8194837207432009,-0.0017385715147411052,0.2441222356204903,True
15.0,0.05,0.2,999,0.5667811200687464,0.5647195251763072,0.5938497454847015,-0.002061594892439178,0.8325816920054112,0.8325057761932741,0.7976623068230831,-7.591581213706178e-05,0.26778625101696696,True
15.0,0.05,1.0,42,0.6020099478771002,0.5965908006271258,0.6250595603547942,-0.005419147249974388,0.8135025395236064,0.8144909588467888,0.7786647665926886,0.000988419323182388,0.21790015821966302,True
15.0,0.05,1.0,123,0.6116372617107582,0.6071184937970611,0.6356992346273369,-0.004518767913697097,0.8568345704954752,0.8516764980311305,0.8133732192522392,-0.005158072464344632,0.24455800423406948,True
15.0,0.05,1.0,999,0.5667811200687464,0.5612376457607346,0.5914288516894901,-0.00554347430801172,0.8325816920054112,0.8356518753743857,0.8004036248114494,0.003070183368974466,0.27441422961365103,True
15.0,0.1,0.05,42,0.6020099478771002,0.6001100417308158,0.6272074756534971,-0.0018999061462843247,0.8135025395236064,0.8139618902310732,0.778787323712171,0.0004593507074668324,0.2138518485002574,True
15.0,0.1,0.05,123,0.6116372617107582,0.6101129254326363,0.6366235923236958,-0.0015243362781218739,0.8568345704954752,0.8565248752764676,0.8212416527561113,-0.00030969521900758856,0.2464119498438313,True
15.0,0.1,0.05,999,0.5667811200687464,0.567286112100871,0.5942777694937322,0.0005049920321246182,0.8325816920054112,0.8312173515865476,0.7988878611354735,-0.0013643404188635744,0.26393123948567665,True
15.0,0.1,0.2,42,0.6020099478771002,0.5989218513870329,0.6272480055488642,-0.003088096490067249,0.8135025395236064,0.8137490791822181,0.7789804337105887,0.0002465396586116553,0.21482722779518515,True
15.0,0.1,0.2,123,0.6116372617107582,0.6113243616001369,0.6381098289824295,-0.00031290011062123924,0.8568345704954752,0.8559077391026841,0.8208442143478144,-0.0009268313927910388,0.24458337750254722,True
15.0,0.1,0.2,999,0.5667811200687464,0.5669718565301018,0.5945015064842433,0.0001907364613554785,0.8325816920054112,0.8333735252444134,0.800186527212415,0.0007918332390022265,0.2664016687143116,True
15.0,0.1,1.0,42,0.6020099478771002,0.5968441504579456,0.6244124207940271,-0.005165797419154572,0.8135025395236064,0.8149295297391654,0.7803996399878182,0.001426990215559032,0.21808537928121985,True
15.0,0.1,1.0,123,0.6116372617107582,0.6083526700596783,0.6356474880996367,-0.00328459165107986,0.8568345704954752,0.8513393807136307,0.8153727951337855,-0.0054951897818444895,0.2429867106539524,True
15.0,0.1,1.0,999,0.5667811200687464,0.5624843598533201,0.5906987013824526,-0.004296760215426243,0.8325816920054112,0.8367897325803275,0.8027966416401682,0.004208040574916305,0.2743053727270074,True
15.0,0.3,0.05,42,0.6020099478771002,0.6006588429539839,0.6259615561446676,-0.0013511049231162975,0.8135025395236064,0.8128009464854591,0.7804712669211621,-0.000701593038147319,0.21214210353147522,True
15.0,0.3,0.05,123,0.6116372617107582,0.6091853147880839,0.6385326719259752,-0.002451946922674253,0.8568345704954752,0.855811520348803,0.822923804391225,-0.0010230501466721442,0.24662620556071913,True
15.0,0.3,0.05,999,0.5667811200687464,0.5687058253959325,0.5937171825173646,0.001924705327186138,0.8325816920054112,0.8316342329261062,0.797238632953949,-0.0009474590793050464,0.26292840753017366,True
15.0,0.3,0.2,42,0.6020099478771002,0.5995744474628992,0.6247140570101599,-0.0024355004142009307,0.8135025395236064,0.8133782740229301,0.7812431766726318,-0.000124265500676346,0.21380382656003083,True
15.0,0.3,0.2,123,0.6116372617107582,0.6105687955229077,0.6401328735585151,-0.001068466187850503,0.8568345704954752,0.8551641990905614,0.8228953403306516,-0.001670371404913773,0.24459540356765375,True
15.0,0.3,0.2,999,0.5667811200687464,0.5676852619820361,0.5934968611786907,0.0009041419132896911,0.8325816920054112,0.8334920642006349,0.799610931417441,0.0009103721952237187,0.26580680221859887,True
15.0,0.3,1.0,42,0.6020099478771002,0.598388073969688,0.6248354902025938,-0.0036218739074121986,0.8135025395236064,0.8158049091988357,0.7792805399367376,0.002302369675229343,0.2174168352291478,True
15.0,0.3,1.0,123,0.6116372617107582,0.6085829798170761,0.637215549838356,-0.003054281893682065,0.8568345704954752,0.8514457573860452,0.8176806941695728,-0.005388813109429957,0.24286277756896912,True
15.0,0.3,1.0,999,0.5667811200687464,0.5622624230618374,0.5900206986339425,-0.004518697006908989,0.8325816920054112,0.836469201332164,0.8020175118245474,0.003887509326752747,0.2742067782703266,True
15.0,0.5,0.05,42,0.6020099478771002,0.6010538955298037,0.6300705163505356,-0.0009560523472964544,0.8135025395236064,0.8128254509652717,0.7822725131584086,-0.0006770885583347042,0.211771555435468,True
15.0,0.5,0.05,123,0.6116372617107582,0.6088764682968,0.6371783804490397,-0.0027607934139581847,0.8568345704954752,0.8544093441959902,0.8172419781927714,-0.0024252262994849394,0.24553287589919026,True
15.0,0.5,0.05,999,0.5667811200687464,0.5690910717760205,0.5946964513680555,0.002309951707274105,0.8325816920054112,0.8310374573281751,0.7992784789637447,-0.0015442346772360782,0.26194638555215466,True
15.0,0.5,0.2,42,0.6020099478771002,0.5996541632856496,0.6281748609990689,-0.0023557845914505826,0.8135025395236064,0.8139178813176424,0.7836276968331314,0.0004153417940360171,0.21426371803199284,True
15.0,0.5,0.2,123,0.6116372617107582,0.6095483229717281,0.6388609591211933,-0.002088938739030044,0.8568345704954752,0.8546147892736922,0.8171154145450277,-0.0022197812217830126,0.24506646630196405,True
15.0,0.5,0.2,999,0.5667811200687464,0.5681187516813149,0.5930213939445758,0.0013376316125685017,0.8325816920054112,0.8322782005346789,0.8008779787985251,-0.00030349147073227556,0.26415944885336407,True
15.0,0.5,1.0,42,0.6020099478771002,0.597696653315299,0.6237085310263064,-0.004313294561801184,0.8135025395236064,0.8154586724002442,0.7838836356756578,0.0019561328766377617,0.2177620190849452,True
15.0,0.5,1.0,123,0.6116372617107582,0.6078632090328718,0.6379348050687212,-0.0037740526778863304,0.8568345704954752,0.8494049436788491,0.8111385802089821,-0.007429626816626067,0.24154173464597728,True
15.0,0.5,1.0,999,0.5667811200687464,0.5633048984930868,0.5887651684834126,-0.0034762215756595216,0.8325816920054112,0.8362938560463441,0.8037535405644949,0.003712164040932886,0.27298895755325725,True
