sigma,purity,seed,pure_median,mix_median,delta_median,mix_nri_high,fld_median,fld_nri_low,margin,separated
1.5,1.0,42,0.20804992574914366,0.2085216777284068,0.0004717519792631353,0.2179905280011464,0.8122760618512066,0.7839630159403285,0.6037543841227998,True
1.5,1.0,123,0.20656379292697813,0.20717172503735784,0.0006079321103797108,0.2165204321111664,0.8549992627754197,0.8180844945735049,0.6478275377380619,True
1.5,1.0,999,0.19780971147156062,0.1982080221062401,0.00039831063467948846,0.20646197551811984,0.8294256468585925,0.7979602133488464,0.6312176247523524,True
1.5,0.9,42,0.20804992574914366,0.25819402913599415,0.05014410338685049,0.2737425822917485,0.8122760618512066,0.7839630159403285,0.5540820327152125,True
1.5,0.9,123,0.20656379292697813,0.2548162901250992,0.04825249719812108,0.2689099936287783,0.8549992627754197,0.8180844945735049,0.6001829726503205,True
1.5,0.9,999,0.19780971147156062,0.2628991250465931,0.06508941357503245,0.27940784734279084,0.8294256468585925,0.7979602133488464,0.5665265218119995,True
1.5,0.8,42,0.20804992574914366,0.38246695488688276,0.1744170291377391,0.41053866623639657,0.8122760618512066,0.7839630159403285,0.42980910696432384,True
1.5,0.8,123,0.20656379292697813,0.40023994845960426,0.19367615553262613,0.42742864072001235,0.8549992627754197,0.8180844945735049,0.45475931431581545,True
1.5,0.8,999,0.19780971147156062,0.4300286602292467,0.23221894875768606,0.4565658334753371,0.8294256468585925,0.7979602133488464,0.39939698662934586,True
1.5,0.7,0,0.19683469548668192,0.5944642441452883,0.3976295486586064,0.6353640265886396,0.8236449855648167,0.7935235500146334,0.22918074141952838,True
1.5,0.7,1,0.19450829872366412,0.5645208488728881,0.37001255014922396,0.5998265848849331,0.869209285670492,0.8359400126717726,0.30468843679760393,True
1.5,0.7,2,0.20641913400873518,0.5557861781645967,0.34936704415586156,0.5844912457029349,0.8366740044449315,0.796763631478001,0.2808878262803347,True
1.5,0.7,3,0.19857167585699242,0.6088112961270638,0.4102396202700713,0.6448096624977722,0.8439582442636744,0.8036742132539447,0.23514694813661063,True
1.5,0.7,4,0.20336239856485844,0.5973557173997108,0.3939933188348524,0.6307481726534957,0.8334171144618949,0.795759185560143,0.2360613970621841,True
1.5,0.7,5,0.20204254417871392,0.5940588509816123,0.39201630680289834,0.6339091398993018,0.8422287543946405,0.8136856700950119,0.24816990341302825,True
1.5,0.7,6,0.20178018622019384,0.5674689588644296,0.36568877264423577,0.6057510281709249,0.8530111058706134,0.8144869217618141,0.28554214700618374,True
1.5,0.7,7,0.20097557391512874,0.5947991056094173,0.3938235316942885,0.6318495990397945,0.8491159939435422,0.8101319275125092,0.2543168883341249,True
1.5,0.7,8,0.19667253259190814,0.6111871339875803,0.41451460139567214,0.6480222180145627,0.8492495907239198,0.8122436308044805,0.23806245673633952,True
1.5,0.7,9,0.19823290495969328,0.6335530793374846,0.43532017437779136,0.6703242202006694,0.8486268430450437,0.8157366846941293,0.21507376370755904,True
1.5,0.7,10,0.19944375169677903,0.598881259948453,0.39943750825167396,0.6385002472435607,0.8442505413186483,0.8048914218863382,0.2453692813701953,True
1.5,0.7,11,0.20416925544689118,0.610069936929124,0.40590068148223285,0.6562092835916853,0.8262049936479774,0.7869435145532266,0.21613505671885336,True
1.5,0.7,12,0.211168746420265,0.6089264012842867,0.39775765486402165,0.6497891347239644,0.8339712803669559,0.7968290388763085,0.22504487908266924,True
1.5,0.7,13,0.19901098443031237,0.5784564833265529,0.37944549889624046,0.6200097130671459,0.8254198071326962,0.7929465699975119,0.2469633238061434,True
1.5,0.7,14,0.20022190330479772,0.5963092932823424,0.39608738997754467,0.634254940733444,0.8397139061888724,0.8061844359472919,0.24340461290653004,True
1.5,0.7,15,0.19899909517985187,0.5852806040323703,0.3862815088525184,0.6237795649960474,0.8403082842612848,0.804139994549513,0.25502768022891453,True
1.5,0.7,16,0.20294476872813713,0.5623501642806701,0.3594053955525329,0.597081671706944,0.8433476022739859,0.8085830647490632,0.2809974379933158,True
1.5,0.7,17,0.20452385701470052,0.5309818721543574,0.3264580151396569,0.5692731316769042,0.857587924276837,0.8185641941644344,0.3266060521224796,True
1.5,0.7,18,0.20713664562209583,0.60860201757806,0.40146537195596416,0.6397982664429214,0.8237528627912427,0.7835726905783938,0.21515084521318273,True
1.5,0.7,19,0.20068709518651454,0.5738276744802393,0.3731405792937248,0.6132759347975912,0.8177832307949648,0.7799731657894334,0.24395555631472554,True
1.5,0.7,20,0.20795717250069995,0.5648078496147533,0.3568506771140533,0.6036874190269386,0.8729151117770841,0.8395713064571548,0.30810726216233086,True
1.5,0.7,21,0.19807541195436906,0.6010102744181345,0.4029348624637654,0.6359451400528209,0.8450451159163785,0.806889532483155,0.24403484149824406,True
1.5,0.7,22,0.1973203696101663,0.613760950223553,0.41644058061338673,0.6516549605819789,0.8413750372493086,0.8088893654783929,0.22761408702575558,True
1.5,0.7,23,0.20917878889192715,0.6068078124585843,0.39762902356665714,0.6373635344012627,0.8031042098005222,0.7647724860791458,0.19629639734193793,True
1.5,0.7,24,0.19665034538834492,0.5910196216958705,0.3943692763075256,0.6272237119573951,0.8535277606485905,0.82066898398108,0.26250813895271996,True
1.5,0.7,25,0.19784808986598573,0.5925833421880182,0.3947352523220325,0.6259988229672631,0.8330941088243633,0.8022153010286274,0.24051076663634507,True
1.5,0.7,26,0.19745341982224682,0.5875730110523274,0.39011959123008055,0.621673737796118,0.8259795787554679,0.7893350815950865,0.2384065677031405,True
1.5,0.7,27,0.20086118367273645,0.6022317676222975,0.40137058394956104,0.6414674206291472,0.8415018181899494,0.8022247590420323,0.23927005056765194,True
1.5,0.7,28,0.1980308180531265,0.5783332400847867,0.3803024220316602,0.6117302667518556,0.8424936422817035,0.8040041691642723,0.26416040219691683,True
1.5,0.7,29,0.20234550713612393,0.5840808312666702,0.3817353241305463,0.6239278951115996,0.8328797906899399,0.7956984278613173,0.24879895942326968,True
1.5,0.7,30,0.2026703123791539,0.5946528409293081,0.39198252855015425,0.6299687932844319,0.8452908477017375,0.8130973859736139,0.2506380067724293,True
1.5,0.7,31,0.20646554694158226,0.6019621237825136,0.3954965768409313,0.6377631378512331,0.8395952138503573,0.80521545852723,0.23763309006784372,True
1.5,0.7,32,0.1959414106844177,0.5574279031850615,0.3614864925006438,0.5888221048827617,0.8457076541994046,0.8145742771196994,0.2882797510143431,True
1.5,0.7,33,0.2039623740286827,0.5683670810518793,0.3644047070231966,0.6005350685314869,0.8453689227134519,0.8059259938050619,0.2770018416615726,True
1.5,0.7,34,0.1941007409895662,0.599706083270459,0.40560534228089284,0.6368253567287814,0.8406241160446074,0.8122253222172663,0.24091803277414836,True
1.5,0.7,35,0.19581805828839977,0.572042206072872,0.3762241477844723,0.6062677611285799,0.8034260771875854,0.7665173338670318,0.23138387111471337,True
1.5,0.7,36,0.19355464998718308,0.5702625170416462,0.37670786705446313,0.6065717751066028,0.8459132502448311,0.8157890950838999,0.2756507332031849,True
1.5,0.7,37,0.19981211210465563,0.6194018757846776,0.419589763680022,0.6593653958227293,0.8504335531932113,0.8216024843935346,0.2310316774085337,True
1.5,0.7,38,0.19819571128084512,0.6021311968614946,0.4039354855806495,0.6376307889450423,0.8231982884754194,0.7849872505861593,0.2210670916139248,True
1.5,0.7,39,0.19040071562426797,0.5132479387599688,0.3228472231357008,0.5454257938880083,0.8308636252325953,0.7984077823867385,0.3176156864726265,True
1.5,0.7,40,0.19670034260187708,0.6248459087315719,0.4281455661296948,0.6646596513885323,0.860012133071217,0.8224072466311049,0.23516622433964518,True
1.5,0.7,41,0.2094821988844633,0.6221120928673405,0.4126298939828772,0.6564228138198126,0.811587656830576,0.7730183423030795,0.1894755639632355,True
1.5,0.7,42,0.20804992574914366,0.567222282587655,0.3591723568385113,0.6050155870241242,0.8122760618512066,0.7839630159403285,0.24505377926355165,True
1.5,0.7,43,0.20505755601573716,0.5766015031551722,0.37154394713943506,0.6193214754358344,0.8292091864502,0.7906900134525829,0.2526076832950278,True
1.5,0.7,44,0.20635444072738282,0.6036360539648277,0.3972816132374448,0.6425166347829423,0.8466275364667438,0.8069565471010995,0.24299148250191616,True
1.5,0.7,45,0.20603953499581854,0.6117990906767146,0.40575955568089606,0.6525184540660519,0.8505660335145595,0.8133930312149645,0.23876694283784494,True
1.5,0.7,46,0.2087630806147897,0.5662217258901538,0.35745864527536414,0.6070983200226804,0.8163396218391694,0.7728092291668696,0.25011789594901557,True
1.5,0.7,47,0.20801226329457534,0.5657471613537637,0.35773489805918834,0.6064917151642926,0.8440874509779953,0.8111452061768825,0.27834028962423163,True
1.5,0.7,48,0.19884524926067387,0.5568387861668749,0.357993536906201,0.5878697608407077,0.8333250720585726,0.8012860644477053,0.27648628589169777,True
1.5,0.7,49,0.1901803662952871,0.5959350744234218,0.40575470812813463,0.6305267921937784,0.83819499106063,0.8043900019241017,0.24225991663720825,True
15.0,1.0,42,0.5998604091596061,0.59882050781698,-0.001039901342626104,0.6275025854874726,0.8122760618512066,0.7839630159403285,0.21345555403422656,True
15.0,1.0,123,0.6119101043180031,0.6113647333153699,-0.0005453710026331882,0.6370292496762,0.8549992627754197,0.8180844945735049,0.24363452946004982,True
15.0,1.0,999,0.5657002536490239,0.5657451699169933,4.491626796943038e-05,0.594801751416451,0.8294256468585925,0.7979602133488464,0.26368047694159924,True
15.0,0.9,42,0.5998604091596061,0.6252649166559576,0.02540450749635148,0.6557862344266523,0.8122760618512066,0.7839630159403285,0.18701114519524897,True
15.0,0.9,123,0.6119101043180031,0.6335534462573477,0.021643341939344585,0.6638014555672579,0.8549992627754197,0.8180844945735049,0.22144581651807205,True
15.0,0.9,999,0.5657002536490239,0.6186133666247505,0.05291311297572665,0.6539887754382661,0.8294256468585925,0.7979602133488464,0.21081228023384202,True
15.0,0.8,42,0.5998604091596061,0.6631388514131984,0.06327844225359225,0.6994216196787325,0.8122760618512066,0.7839630159403285,0.1491372104380082,True
15.0,0.8,123,0.6119101043180031,0.6776864193072335,0.06577631498923042,0.7155466072092657,0.8549992627754197,0.8180844945735049,0.1773128434681862,True
15.0,0.8,999,0.5657002536490239,0.6751686036822713,0.1094683500332474,0.7166010964612981,0.8294256468585925,0.7979602133488464,0.15425704317632127,True
15.0,0.7,0,0.5679621339946065,0.725238332191634,0.15727619819702754,0.772153485396671,0.8236449855648167,0.7935235500146334,0.09840665337318266,True
15.0,0.7,1,0.5786773543160717,0.7487627597095632,0.17008540539349148,0.7898151054418441,0.869209285670492,0.8359400126717726,0.12044652596092886,True
15.0,0.7,2,0.5640899347309574,0.7539404744467741,0.18985053971581678,0.7925153892836985,0.8366740044449315,0.796763631478001,0.0827335299981573,True
15.0,0.7,3,0.5904541254420169,0.7461798220257871,0.15572569658377022,0.7918553762084296,0.8439582442636744,0.8036742132539447,0.09777842223788724,True
15.0,0.7,4,0.5861042221873536,0.7336886685299097,0.14758444634255607,0.770135434551988,0.8334171144618949,0.795759185560143,0.09972844593198527,True
15.0,0.7,5,0.5863849986730982,0.7633882487899217,0.1770032501168235,0.8091730132403657,0.8422287543946405,0.8136856700950119,0.07884050560471878,True
15.0,0.7,6,0.5634825421557601,0.7381030463676295,0.17462050421186937,0.7745707346354281,0.8530111058706134,0.8144869217618141,0.11490805950298388,True
15.0,0.7,7,0.5926566755848737,0.7616010599357657,0.16894438435089199,0.7984260453748911,0.8491159939435422,0.8101319275125092,0.08751493400777655,True
15.0,0.7,8,0.5758597388963362,0.7425995379652648,0.16673979906892855,0.7842528142331452,0.8492495907239198,0.8122436308044805,0.10665005275865502,True
15.0,0.7,9,0.5873153047188444,0.7442181871260785,0.15690288240723405,0.7921014789907346,0.8486268430450437,0.8157366846941293,0.1044086559189652,True
15.0,0.7,10,0.6050633030969222,0.7637867357357804,0.15872343263885813,0.8045993789458825,0.8442505413186483,0.8048914218863382,0.08046380558286792,True
15.0,0.7,11,0.5929322581154286,0.7820679686187351,0.18913571050330646,0.8261254252125168,0.8262049936479774,0.7869435145532266,0.04413702502924233,False
15.0,0.7,12,0.6048231001459059,0.7584942139546611,0.1536711138087552,0.8024983031514115,0.8339712803669559,0.7968290388763085,0.07547706641229479,False
15.0,0.7,13,0.5808089229108269,0.7159993811831776,0.13519045827235077,0.7497284852620677,0.8254198071326962,0.7929465699975119,0.10942042594951862,True
15.0,0.7,14,0.5691796802624468,0.7325210044624648,0.163341324200018,0.7738001507455041,0.8397139061888724,0.8061844359472919,0.10719290172640761,True
15.0,0.7,15,0.5634055619550833,0.7203691668164481,0.15696360486136485,0.7656320315864906,0.8403082842612848,0.804139994549513,0.11993911744483665,True
15.0,0.7,16,0.5640824371051854,0.7488486424352513,0.18476620533006594,0.7815551241962219,0.8433476022739859,0.8085830647490632,0.09449895983873458,True
15.0,0.7,17,0.579979559385698,0.7364072991728506,0.15642773978715263,0.7789443019441783,0.857587924276837,0.8185641941644344,0.12118062510398642,True
15.0,0.7,18,0.5896394437996763,0.7613648976503896,0.17172545385071336,0.797841526555901,0.8237528627912427,0.7835726905783938,0.0623879651408531,False
15.0,0.7,19,0.5867979084606315,0.7622578484822133,0.17545994002158183,0.8049665694548289,0.8177832307949648,0.7799731657894334,0.0555253823127515,False
15.0,0.7,20,0.5953499631748531,0.7625781243971574,0.16722816122230433,0.8020817703048475,0.8729151117770841,0.8395713064571548,0.1103369873799267,True
15.0,0.7,21,0.5939263127057701,0.7477058267080597,0.15377951400228962,0.7896522356998434,0.8450451159163785,0.806889532483155,0.0973392892083188,True
15.0,0.7,22,0.5996174910718388,0.7801021997773596,0.1804847087055208,0.8184012210165785,0.8413750372493086,0.8088893654783929,0.061272837471949004,False
15.0,0.7,23,0.5680879144460715,0.765008159030337,0.1969202445842655,0.8038711846158213,0.8031042098005222,0.7647724860791458,0.038096050770185186,False
15.0,0.7,24,0.578295237664459,0.7631330280980428,0.18483779043358384,0.8034988931642699,0.8535277606485905,0.82066898398108,0.09039473255054764,True
15.0,0.7,25,0.5750593484244737,0.7408826457837279,0.16582329735925416,0.7832736725151376,0.8330941088243633,0.8022153010286274,0.09221146304063543,True
15.0,0.7,26,0.5828675952112425,0.7500404385655599,0.16717284335431737,0.7873868583477627,0.8259795787554679,0.7893350815950865,0.075939140189908,True
15.0,0.7,27,0.599997333407134,0.7585755952939,0.15857826188676594,0.8032260745304971,0.8415018181899494,0.8022247590420323,0.08292622289604945,False
15.0,0.7,28,0.5752028540037464,0.7426763537044719,0.16747349970072556,0.7777469688854773,0.8424936422817035,0.8040041691642723,0.0998172885772316,True
15.0,0.7,29,0.6073429605560153,0.7701542526442791,0.16281129208826373,0.81456658926699,0.8328797906899399,0.7956984278613173,0.06272553804566083,False
15.0,0.7,30,0.5838298084021976,0.7263986149074619,0.14256880650526438,0.7656414865581979,0.8452908477017375,0.8130973859736139,0.11889223279427552,True
15.0,0.7,31,0.5553363692800842,0.7607375930364181,0.20540122375633385,0.8034005049570337,0.8395952138503573,0.80521545852723,0.07885762081393921,True
15.0,0.7,32,0.5502144628866761,0.7214850160204977,0.17127055313382167,0.755262351961327,0.8457076541994046,0.8145742771196994,0.12422263817890689,True
15.0,0.7,33,0.5737509139498278,0.7512527790912307,0.17750186514140287,0.7954672352992344,0.8453689227134519,0.8059259938050619,0.0941161436222212,True
15.0,0.7,34,0.5559270512171368,0.7419705480591028,0.18604349684196597,0.7851960585420306,0.8406241160446074,0.8122253222172663,0.09865356798550462,True
15.0,0.7,35,0.5666584152274825,0.7332958106029657,0.16663739537548317,0.771494582917341,0.8034260771875854,0.7665173338670318,0.07013026658461974,False
15.0,0.7,36,0.5512275023578276,0.7535771333487223,0.20234963099089476,0.7851099799669391,0.8459132502448311,0.8157890950838999,0.09233611689610877,True
15.0,0.7,37,0.5959735609163582,0.7461387886046795,0.1501652276883213,0.7830148849822366,0.8504335531932113,0.8216024843935346,0.10429476458853182,True
15.0,0.7,38,0.5880705470689936,0.7583542505557017,0.17028370348670807,0.800389632918716,0.8231982884754194,0.7849872505861593,0.06484403791971771,False
15.0,0.7,39,0.5368258888351016,0.7004215754290405,0.16359568659393886,0.735947224895438,0.8308636252325953,0.7984077823867385,0.13044204980355478,True
15.0,0.7,40,0.6084868557530629,0.7538044703019846,0.14531761454892167,0.7920622922519706,0.860012133071217,0.8224072466311049,0.10620766276923244,True
15.0,0.7,41,0.574790068334992,0.7335171618141467,0.1587270934791547,0.7768992653610204,0.811587656830576,0.7730183423030795,0.07807049501642926,False
15.0,0.7,42,0.5998604091596061,0.7555752311899887,0.15571482203038256,0.799849472472906,0.8122760618512066,0.7839630159403285,0.056700830661217894,False
15.0,0.7,43,0.5523020462210593,0.7277508909988388,0.17544884477777956,0.7686109040451242,0.8292091864502,0.7906900134525829,0.1014582954513612,True
15.0,0.7,44,0.579741699908197,0.775982941422082,0.196241241513885,0.8127236822461175,0.8466275364667438,0.8069565471010995,0.0706445950446618,False
15.0,0.7,45,0.5733372747786005,0.7451281117782127,0.17179083699961217,0.7846633248037355,0.8505660335145595,0.8133930312149645,0.1054379217363468,True
15.0,0.7,46,0.5786914668091335,0.7358092513467722,0.1571177845376387,0.786489177932753,0.8163396218391694,0.7728092291668696,0.0805303704923972,False
15.0,0.7,47,0.569935460369887,0.7657054531037117,0.19576999273382478,0.805514153560505,0.8440874509779953,0.8111452061768825,0.07838199787428357,True
15.0,0.7,48,0.6047631599641425,0.7416827072646552,0.1369195473005127,0.7787685469301967,0.8333250720585726,0.8012860644477053,0.09164236479391741,True
15.0,0.7,49,0.5731916687683103,0.7565432989867111,0.18335163021840084,0.789887211607259,0.83819499106063,0.8043900019241017,0.08165169207391887,True
