star_index,delta_R_abs,spatial_offset_pc,projected_3d_outflow_kms,group
5,0.0198253484818577,7.81341698724839,5.128254862427077,Top-50
558,0.0184908770663528,3.997373379838812,6.135730104436565,Top-50
152,0.0184292124761802,5.733290211879047,15.226852674852235,Top-50
740,0.0174029870012276,5.993628071919663,18.3361388169967,Top-50
111,0.0169237802990693,8.279331929500318,27.723915309847293,Top-50
45,0.0147535450454552,16.58747799167065,-26.783878717544663,Top-50
368,0.0143180224808031,16.696220853146297,-26.521291600225844,Top-50
231,0.0129603752134042,11.15426708362071,-29.769041840234937,Top-50
568,0.0128860371856761,11.12073878973384,-28.80345361633452,Top-50
498,0.0125421386913276,15.206550875663012,-10.571204789610434,Top-50
439,0.0117241087197281,14.98083237414082,-11.227464106992318,Top-50
536,0.011547685521147,15.251933809877578,-10.07071703748636,Top-50
716,0.0110264665445158,19.769786962254997,-19.65804812269787,Top-50
520,0.0098175011988386,14.745901710876161,-15.665413783731896,Top-50
574,0.0096499387919297,5.252921411165675,-4.800425951477139,Top-50
378,0.0096370556670096,9.635716270797504,18.27312100419216,Top-50
382,0.0095472619850163,12.212263555922892,24.496924219416975,Top-50
384,0.0093908793754177,5.40833748987991,0.5702259326075237,Top-50
137,0.0093580879813627,8.95988454405508,9.506932063310849,Top-50
268,0.0090440287037525,10.275544385108905,-7.708895414445763,Top-50
98,0.0089029504632579,5.738136233232379,-10.928513204940662,Top-50
761,0.008536306646978,5.054226261730136,-2.8981763519606734,Top-50
236,0.0084300481441271,10.48868251525428,-3.9182364816786337,Top-50
626,0.008312800591556,10.821141703576016,41.31992224101518,Top-50
571,0.0081543523656906,16.406009012427486,40.631355616443486,Top-50
201,0.008122480551477,2.850685400684037,10.718633709791828,Top-50
730,0.0079588310736198,6.666904474913656,6.784553772245584,Top-50
365,0.0079270323256118,10.521777186394724,-10.82770662324343,Top-50
344,0.0078779519876381,17.356383006235813,4.7322694566391625,Top-50
659,0.0078684088110514,13.026422807060706,-9.442501691225164,Top-50
719,0.0076852664992217,13.70280998765703,-15.873722277682695,Top-50
489,0.0076000968579753,12.225334231185606,49.03267059481843,Top-50
441,0.0075340820933099,8.906541417485235,-5.861484920658703,Top-50
470,0.0074987228805061,10.488217862451421,47.40080877118647,Top-50
778,0.0074776083888509,12.359059460076583,8.113778213250953,Top-50
410,0.0071807919199864,10.919982831903544,20.308630205797982,Top-50
461,0.00716655465421,2.5148532319774377,23.198275087864065,Top-50
61,0.0071535006588822,5.706679021802964,63.27139791305776,Top-50
323,0.0071068444805054,6.8176905769467115,-28.29857174781574,Top-50
497,0.0071019178631271,10.991604555086138,-19.574120847251127,Top-50
617,0.0070305468915788,17.042657025612485,-7.3483618245889275,Top-50
27,0.0070244263226419,6.622741105543855,6.800854773011244,Top-50
700,0.0070028116422505,14.130023736018885,-39.46659584505197,Top-50
729,0.006970117862408,8.385356308909053,-4.286285306178774,Top-50
43,0.0069301084171181,15.557907217140077,-18.06068703622774,Top-50
256,0.0069174139862502,16.16052790536813,-19.87801292689992,Top-50
7,0.0069094639266417,8.964229746089742,26.433659737184904,Top-50
22,0.0068477093355939,7.9073785597162125,18.90402642720159,Top-50
577,0.0068256127209646,17.571446643952747,11.902436433092198,Top-50
408,0.0065291121728853,13.096340961430018,-15.28377696656164,Top-50
534,1.2715011052599756e-05,12.32839613723186,-17.44253390769405,Bottom-50
379,1.9328984176114616e-05,16.191962224665385,11.367769644034995,Bottom-50
141,2.257222419643768e-05,11.502346722347749,-15.046759996475561,Bottom-50
698,3.9107527855741786e-05,12.118730357329264,-0.39178609707605266,Bottom-50
239,4.504078682932011e-05,13.681027921034648,35.50404482720907,Bottom-50
387,5.643376197916883e-05,12.425743645186136,-30.240427038110102,Bottom-50
747,5.80554492676244e-05,4.208386324515007,-2.25203956281216,Bottom-50
80,0.0001151087355332,17.672627549556985,-24.967437776516704,Bottom-50
644,0.0001221790924591,11.64850804730634,-15.09855595874411,Bottom-50
216,0.0001241743699972,12.502126941771616,-1.184305720818219,Bottom-50
521,0.0001324461233352,13.951947405458586,-6.909034337992955,Bottom-50
543,0.0001523240049031,4.903896720858803,-40.08592086512014,Bottom-50
748,0.0001572405963302,6.292120426228756,-2.1321808717300046,Bottom-50
639,0.0001645647859659,18.251843200440895,-17.430578746458966,Bottom-50
73,0.0001896104647377,16.137791136516235,-5.606283552682271,Bottom-50
540,0.0001942285564713,10.991981992480532,0.5959768428986978,Bottom-50
407,0.0002019857764709,7.827306507006453,-21.490178749194445,Bottom-50
660,0.0002052117784131,7.634067388553832,-16.892128018638548,Bottom-50
535,0.0002090413400677,13.420809097424227,0.38994264225736863,Bottom-50
800,0.000223216869742,18.425891765857482,-17.76278170169087,Bottom-50
725,0.0002265933994368,21.884657947526474,-4.940978714538748,Bottom-50
48,0.0002329625024974,16.884070856411128,-4.946685704215925,Bottom-50
586,0.0002367336656383,17.341627216413652,1.3915245777240584,Bottom-50
569,0.0002395828332588,10.248175744116631,-12.732718007917798,Bottom-50
18,0.0002691125814948,9.40295489862054,3.567467025265901,Bottom-50
303,0.000272727264106,13.555103130827856,-19.787496180261737,Bottom-50
153,0.0002790319984903,4.32429180530502,25.363304048231992,Bottom-50
616,0.0002876376630785,5.085657445320029,-2.9553166001886497,Bottom-50
92,0.0002919747523428,18.140420854815364,-17.296068514046627,Bottom-50
89,0.0003275897134192,10.035754827984919,-2.950426355158489,Bottom-50
75,0.000331502015311,8.806848414569224,-4.419464418166064,Bottom-50
81,0.0003327823978125,7.2259058967396514,-11.871077129055873,Bottom-50
454,0.0003371663118271,10.153857868580578,-18.66117946551136,Bottom-50
134,0.0003545118956052,18.64260988286021,1.5060625811785362,Bottom-50
505,0.0003606644823831,16.797169191588715,-11.451434034422096,Bottom-50
171,0.0003748615651949,6.056156640101706,-0.49998865378295976,Bottom-50
316,0.0004130111315777,9.989635664252434,6.310904002583459,Bottom-50
578,0.0004281776976416,7.961431807733056,-16.71639633784843,Bottom-50
753,0.0004291519587795,13.780620508072017,6.030902384065682,Bottom-50
670,0.000433040650961,13.169183761819518,-32.461173136525105,Bottom-50
496,0.0004491800581636,12.12704049195811,-10.60305425078088,Bottom-50
435,0.0005139248996286,16.08332718272472,-11.869897252722547,Bottom-50
552,0.000516423243928,15.512831324527928,-12.98607044907112,Bottom-50
549,0.0005194497111893,13.53506809936345,77.33720235425938,Bottom-50
297,0.000526435478617,12.08920714909452,14.045890365050077,Bottom-50
484,0.0005305645296822,17.314356881394865,-7.606308524008609,Bottom-50
627,0.0005410969451886,10.494658998927921,-28.731989335480133,Bottom-50
49,0.00054982832246,15.863210744688226,16.54717791713876,Bottom-50
311,0.0005757851840291,13.885269266986732,-7.125779075974645,Bottom-50
781,0.0005825684101956,8.0177202171536,-10.601346632175673,Bottom-50
