dr2_source_id,dr3_source_id,angular_distance,Proba
51742471745296768,51742471745296768,0.104787864,0.9
53335045618385536,53335045618385536,0.090479545,1.0
63289920815872256,63289920816208768,0.1471095,1.0
63391174669006080,63391178965446656,0.21470085,0.9
63436396380626688,63436396380626688,0.077445716,1.0
63502259702709888,63502259702709888,0.144094,0.9
63546038305742720,63546038305742720,0.11373259,0.9
63547270960574336,63547270960574336,0.061602756,1.0
63627264728628224,63627264728628224,0.09938904,1.0
63632178171114624,63632178171114624,0.043293234,1.0
63661521387693824,63661521387693824,0.04273698,0.9
63677326867342464,63677326867342464,0.07560522,1.0
63692475216749312,63692475216749312,0.19868763,1.0
63693785181958912,63693785181958912,0.060752954,1.0
63705433133130368,63705433133130368,0.0345278,1.0
63717665199974016,63717665199974016,0.18407595,1.0
63730309581781376,63730309584280960,0.123563975,1.0
63773774653147904,63773774653147904,0.124005795,1.0
63795455648004608,63795455648004608,0.0834319,1.0
63824901943723392,63824901943723392,0.17040074,0.9
63826070174824192,63826070174824192,0.20971102,1.0
63826448131945984,63826448131945984,0.14978977,1.0
63849572235829248,63849572235829248,0.16273886,1.0
63876402894075904,63876402894075904,0.049047742,1.0
63884584809145600,63884584809145600,0.062767915,1.0
63892006512622848,63892006512622848,0.10671067,1.0
63916431989200256,63916431989200256,0.08626937,1.0
63953819680971008,63953819680971008,0.12988797,1.0
63989691247627776,63989691247627776,0.20634079,1.0
63995562466405760,63995562466405760,0.19556186,1.0
63999999169130112,63999999169130112,0.041840322,1.0
64006905476619776,64006905476619776,0.05712268,1.0
64021714523841280,64021714523841280,0.12655205,1.0
64027143362491008,64027143362491008,0.02708173,1.0
64032503481665280,64032503481665280,0.024922227,1.0
64050645425295872,64050645425295872,0.0685192,1.0
64057895330132224,64057895330132224,0.102891505,0.9
64059407158605568,64059407158605568,0.14623307,1.0
64066107307543296,64066107307543296,0.09569776,1.0
64078167575681152,64078167575681152,0.20096123,0.9
64092907903452800,64092907903452800,0.076649345,1.0
64094037476647040,64094037476647040,0.029001476,0.9
64095656682494720,64095656682494720,0.07037881,1.0
64103009666497024,64103009666497024,0.06863529,1.0
64104933811828480,64104933811828480,0.09552492,1.0
64109915973846528,64109915973846528,0.14917423,1.0
64114245300877184,64114245300877184,0.06224298,1.0
64128294135554688,64128294135554688,0.24415259,1.0
64129294866302336,64129294866302336,0.12801167,0.9
64131150292139648,64131150292139648,0.13970199,1.0
64136063734692224,64136063734692224,0.033244967,1.0
64148738180119680,64148738180119680,0.115072176,1.0
64157023175179776,64157023175179776,0.20613982,1.0
64168705486089216,64168705486089216,0.16178688,1.0
64172038380708224,64172038380708224,0.058456555,1.0
64174546641593984,64174546641593984,0.073566645,1.0
64215125490886656,64215125490886656,0.1328691,0.9
64232271000313472,64232271000313472,0.06836659,0.9
64272128296706432,64272128296706432,0.09528664,1.0
64276315888567424,64276315888567424,0.0981185,1.0
64331123967672448,64331123967672448,0.13264437,1.0
64346276612274816,64346276612274816,0.05575028,0.9
64380636350588544,64380636350910464,0.073546804,1.0
64401389632616960,64401389632616960,0.054888554,1.0
64438184617001472,64438184617001472,0.087267384,0.9
64438841747360768,64438841747360768,0.0497563,0.9
64441143849872512,64441143849872512,0.15581018,1.0
64445988572906752,64445988572906752,0.064797476,1.0
64449321467581056,64449321467581056,0.12082301,0.9
64449729487990912,64449729487990912,0.09768186,1.0
64450283540250240,64450283540250240,0.34335423,0.9
64453685154291968,64453685154291968,0.123454265,0.9
64453887017111808,64453887017111808,0.042882465,1.0
64574352259640192,64574352259640192,0.2720579,0.9
64597927335800064,64597927335800064,0.109278664,1.0
64642801154268672,64642801154268672,0.044741604,1.0
64653383953596032,64653383953596032,0.13991971,1.0
64656201452146304,64656201452146304,0.086890474,1.0
64665203703566848,64665203703566848,0.1503821,1.0
64667535869958784,64667535869958784,0.15011548,1.0
64671903852618624,64671903852618624,0.09105968,1.0
64679840952155264,64679840952155264,0.013680541,1.0
64720179284934016,64720179284934016,0.07438561,0.9
64768763955442944,64768763955442944,0.0558932,1.0
64770241424108032,64770241424108032,0.106923334,1.0
64795289673433728,64795289673433728,0.10087346,1.0
64798038452412928,64798038452412928,0.13790725,1.0
64798691287540224,64798691287540224,0.24006444,1.0
64804360644343424,64804360644343424,0.07580501,1.0
64808204638390912,64808204638390912,0.19045712,1.0
64808483812941440,64808483812941440,0.031570233,1.0
64837242912474624,64837242912474624,0.11397168,1.0
64840541448791424,64840541448791424,0.10041451,1.0
64843805623922688,64843805623922688,0.16916013,0.9
64856312568645248,64856312568645248,0.057255607,1.0
64857721317916032,64857721317916032,0.085719734,1.0
64870296982175488,64870296982175488,0.05506364,1.0
64871740091177600,64871740091177600,0.099446684,1.0
64874454510493440,64874454510493440,0.08991284,1.0
64879402312818944,64879402312818944,0.03763786,1.0
64884624994048256,64884624994048256,0.14644696,1.0
64889126119831040,64889126119831040,0.08712235,1.0
64891634380723712,64891634380723712,0.042020034,1.0
64895139073954944,64895139073954944,0.111366816,1.0
64899017426872960,64899017426872960,0.10764154,1.0
64900739711320960,64900739711320960,0.052655566,0.9
64905618794174720,64905618794174720,0.11723884,1.0
64909153549943296,64909153549943296,0.121037014,1.0
64912009705490304,64912009705490304,0.080821306,1.0
64913452814489216,64913452814489216,0.052047215,1.0
64916751349465856,64916751349465856,0.010217553,1.0
64917094946846848,64917094946846848,0.12123145,1.0
64922283267331968,64922283267331968,0.07974693,1.0
64923279699744256,64923279699744256,0.1195904,1.0
64928605459180416,64928605459180416,0.102669016,1.0
64928674178659968,64928674178659968,0.2173812,1.0
64929391436043264,64929391436043264,0.14595188,1.0
64930495244783616,64930495244783616,0.10465965,1.0
64933759417769984,64933759417769984,0.12160621,1.0
64934893291213952,64934893291213952,0.06302996,1.0
64936508198907904,64936508198907904,0.111213215,1.0
64941211186036352,64941211186036352,0.07875441,1.0
64942001460286080,64942001460286080,0.12544428,1.0
64943758103791104,64943758103791104,0.20512207,1.0
64946025846426752,64946025846426752,0.0683622,1.0
64951111087777536,64951111087777536,0.07335178,0.9
64952068862923520,64952068862923520,0.24736913,1.0
64952829074688896,64952829074688896,0.113306545,1.0
64956123313498368,64956123313498368,0.110724345,1.0
64956127609464320,64956127609464320,0.13896185,1.0
64956127609659008,64956127609659008,0.097726844,0.9
64959662365552384,64959662365552384,0.06707357,1.0
64960663095015680,64960663095015680,0.08120318,1.0
64962174923490304,64962174923490304,0.14799449,1.0
64963377514329984,64963377514329984,0.13458288,1.0
64964717544035200,64964717544035200,0.029269597,1.0
64966916567283456,64966916567283456,0.2043743,1.0
64967569402404480,64967569402404480,0.108272016,0.9
64971933089093760,64971933089093760,0.053719547,1.0
64974338270788864,64974338270788864,0.11712327,0.9
64974574492213248,64974574492213248,0.06482549,0.9
64977705525131904,64977705525131904,0.05954318,1.0
64979732749686016,64979732749686016,0.123386405,1.0
64980832261312640,64980832261312640,0.12411192,1.0
64981137202021376,64981137202021376,0.097914845,1.0
64981863053470592,64981863053470592,0.03804078,1.0
64981931772948480,64981931772948480,0.04620298,1.0
64982344089813248,64982344089813248,0.1447011,1.0
64984951133439232,64984951133439232,0.038631,0.9
64985127228608128,64985127228608128,0.14319652,1.0
64987876007763968,64987876007763968,0.055494837,1.0
64988322684358144,64988322684358144,0.05507455,1.0
64988803720689408,64988803720689408,0.17883,1.0
64989490915460608,64989490915460608,0.03642567,1.0
64990349908937984,64990349908937984,0.11303556,1.0
64990586130069504,64990586130069504,0.09351067,1.0
64990792288875264,64990792288875264,0.033861235,1.0
64997187496822912,64997187496822912,0.1613046,1.0
64998905483757568,64998905483757568,0.061875887,1.0
64999558318784768,64999558318784768,0.006137791,1.0
64999588381514496,64999588381514496,0.14577341,1.0
65000417312240896,65000417312240896,0.13289769,1.0
65000863988835200,65000863988835200,0.086249486,1.0
65003612767943040,65003612767943040,0.17545973,0.9
65004437401569664,65004437401569664,0.16831674,1.0
65004712279475712,65004712279475712,0.14882062,1.0
65005262035285888,65005262035285888,0.08437607,0.9
65005846150835200,65005846150835200,0.18282685,1.0
65008010814357248,65008010814357248,0.10502599,1.0
65008388771477120,65008388771477120,0.10932752,1.0
65010239900405504,65010239900405504,0.10380862,1.0
65010519075247616,65010519075247616,0.069846235,1.0
65010549138050944,65010549138050944,0.053429257,1.0
65011412428446592,65011412428446592,0.005836148,1.0
65011962184337664,65011962184337664,0.07417115,0.9
65012408860856832,65012408860856832,0.062452324,1.0
65013474012743936,65013474012743936,0.023440665,1.0
65014195567317504,65014195567317504,0.07062823,1.0
65014985841292032,65014985841292032,0.06477549,1.0
65017627244152064,65017627244152064,0.13275437,1.0
65017906418989312,65017906418989312,0.07578114,1.0
65018417518780672,65018417518780672,0.09031816,1.0
65019246448775424,65019246448775424,0.28395197,1.0
65020414679879296,65020414679879296,0.1476889,1.0
65023232178029440,65023232178029440,0.056924533,1.0
65026839950559744,65026839950559744,0.026118848,1.0
65027595864800000,65027595864800000,0.0825379,1.0
65027905102436608,65027905102436608,0.044932183,1.0
65030344643851776,65030344643851776,0.12452921,1.0
65037731987586304,65037731987586304,0.14209588,1.0
65038281743395584,65038281743395584,0.03773259,1.0
65040686925109760,65040686925109760,0.059227563,1.0
65052953351603456,65052953351603456,0.09272135,0.9
65053915424355584,65053915424355584,0.15590218,1.0
65056526764528128,65056526764528128,0.048347507,1.0
65058760147520000,65058760147520000,0.19031724,1.0
65078929312363392,65078929312363392,0.15751022,1.0
65079788307324672,65079788307324672,0.0757205,1.0
65084358152509440,65084358152509440,0.09376685,1.0
65086591535491584,65086591535491584,0.05029982,1.0
65088275162687104,65088275162687104,0.1613032,0.9
65089336018173440,65089336018173440,0.08335559,1.0
65089473457126784,65089473457126784,0.038840882,1.0
65098514364769408,65098514364769408,0.07679789,1.0
65101606741121792,65101606741121792,0.064635836,1.0
65107860213588096,65107860213588096,0.038438052,1.0
65108714911246720,65108714911246720,0.104322575,1.0
65112739296356608,65112739296356608,0.036134247,0.9
65117206062341760,65117206062341760,0.031492114,1.0
65119164567417856,65119164567417856,0.084842525,1.0
65120470237460480,65120470237460480,0.02275471,1.0
65125864716379264,65125864716379264,0.08935713,1.0
65134592089910656,65134592089910656,0.036859646,1.0
65135176205557888,65135176205557888,0.043545164,1.0
65136791113382912,65136791113382912,0.03552193,1.0
65147438335354624,65147438335354624,0.16987634,1.0
65150947325369600,65150947325369600,0.052643016,1.0
65153833543386624,65153833543386624,0.061523773,1.0
65156891560085504,65156891560085504,0.13112001,1.0
65161250950264192,65161250950264192,1.3467678,0.9
65161976802151680,65161976802151680,0.05130462,1.0
65162492198224768,65162492198224768,0.04093483,0.9
65163110673516928,65163110673516928,0.0680776,1.0
65164171528305792,65164171528305792,0.072368324,1.0
65165653294149760,65165653294149760,0.13250348,1.0
65167577439502592,65167577439502592,0.082624055,1.0
65168844452782208,65168844452782208,0.2041566,1.0
65169943964429952,65169943964429952,0.15465324,1.0
65170016980919808,65170016980919808,0.038834676,1.0
65173620458875008,65173620458875008,0.29321125,0.9
65175480179315840,65175480179315840,0.14541383,1.0
65179946945247488,65179946945247488,0.049278818,1.0
65181527493208192,65181527493208192,0.03423785,1.0
65184894747573376,65184894747573376,0.118082784,0.9
65188090203295744,65188090203295744,0.06496383,1.0
65189739470654464,65189739470654464,0.02989881,1.0
65190048708380160,65190048708380160,0.07399016,1.0
65190220507070208,65190220507070208,0.08126608,1.0
65194584193758336,65194584193758336,0.06757791,1.0
65196370900147968,65196370900147968,0.043375004,1.0
65196405259884544,65196405259884544,0.07098261,1.0
65199222758514048,65199222758514048,0.06416194,1.0
65199978672758272,65199978672758272,0.07214702,1.0
65200283613608704,65200283613608704,0.08821705,1.0
65201039527567232,65201039527567232,0.07122854,1.0
65201249983083392,65201249983083392,0.15235126,1.0
65202383854448384,65202383854448384,0.12500928,1.0
65202418214188544,65202418214188544,0.5121138,1.0
65202830531043968,65202830531043968,0.09776005,1.0
65203758244032512,65203758244032512,0.17127037,0.9
65206674525036672,65206674525036672,0.20594478,1.0
65207709611941376,65207709611941376,0.13236089,1.0
65207709613871744,65207709613871744,0.4315545,1.0
65208396808627840,65208396808627840,0.091910034,1.0
65211145587780992,65211145587780992,0.06415596,1.0
65211557904569856,65211557904569856,0.15479587,1.0
65212107660378880,65212107660378880,0.06487721,1.0
65212691773969280,65212691773969280,0.26353973,1.0
65212691775922048,65212691775922048,0.3199629,0.9
65212760495396736,65212760495396736,0.06304972,1.0
65212932294091264,65212932294091264,0.1684036,1.0
65213172812266240,65213172812266240,0.18550645,1.0
65213172812266752,65213172812266752,0.13180995,1.0
65214409762926720,65214409762926720,0.065965414,1.0
65214856439472640,65214856439472640,0.055821218,1.0
65216363971331072,65216363971331072,0.21815823,1.0
65216643145862144,65216643145862144,0.06341194,0.9
65221487868870784,65221487868870784,0.19059116,1.0
65222518661019520,65222518661019520,0.03644347,1.0
65222759179189248,65222759179728640,0.18261622,1.0
65223515093523328,65223515093523328,0.06391811,1.0
65223583812996864,65223583812996864,0.26723415,0.9
65223618172733952,65223618172733952,0.052476477,1.0
65224442806459008,65224442806459008,0.05788141,0.9
65225469302220800,65225469302220800,0.020558944,1.0
65225611037551360,65225611037551360,0.08313451,1.0
65226092073881856,65226092073881856,0.05073819,1.0
65226401311534208,65226401312036864,1.2150444,0.9
65229184450247296,65229184450247296,0.07842798,1.0
65230764996027776,65230764996027776,0.15689833,1.0
65231486552803328,65231486552803328,0.08234376,1.0
65232066371441792,65232066371441792,0.11798165,1.0
65232105028172160,65232105028172160,0.25361523,1.0
65232757863112192,65232757863112192,0.12438114,1.0
65237911823760640,65237911823760640,0.031122193,1.0
65241313435901568,65241313435901568,0.08005207,1.0
65241313437941504,65241313437941504,0.06046841,1.0
65241863193865856,65241863193865856,0.09489178,1.0
65242069352190976,65242069352190976,0.289995,1.0
65244435877629824,65244435877629824,0.13135114,0.9
65244749411766528,65244749411766528,0.039625943,0.9
65245539685760640,65245539685760640,0.057935435,1.0
65247704349267584,65247704349267584,0.089934036,0.9
65248151025861120,65248151025861120,0.07950879,0.9
65254576296865152,65254576296865152,0.07091192,1.0
65254851174771584,65254851174771584,0.0782951,1.0
65254885534508672,65254885534508672,0.15814911,0.9
65257187636977536,65257187636977536,0.14625126,1.0
65263097511969792,65263097511969792,0.26790828,1.0
65263612908043392,65263612908043392,0.014823686,0.9
65264506261240448,65264506261240448,0.1670105,1.0
65265674492422784,65265674492422784,0.16066398,1.0
65266494828710400,65266494828710400,0.37569913,1.0
65267078945207296,65267078945207296,0.12902655,1.0
65267388182879104,65267388182879104,0.1615705,0.9
65269935099961600,65269935099961600,0.07609763,1.0
65270450496044416,65270450496044416,0.044652127,0.9
65272817023559040,65272817023559040,0.02166405,1.0
65275020341243520,65275020341243520,0.1023588,1.0
65275089060719104,65275089060719104,0.08628724,1.0
65277975278721408,65277975278721408,0.19365612,1.0
65279418387728896,65279418387728896,0.06414943,1.0
65281166437426176,65281166437426176,0.13389733,1.0
65281239453865856,65281239453865856,0.13248006,0.9
65282098447322752,65282098447322752,0.15598668,0.9
65283094877491200,65283094877491200,0.28355587,1.0
65284469269256704,65284469269256704,0.11004087,1.0
65287458566524928,65287458566524928,0.38780937,1.0
65289004754691200,65289004754691200,0.10083292,1.0
65289279632597760,65289279632597760,0.123505145,1.0
65289279632598016,65289279632598016,0.049768064,1.0
65289623229979136,65289623229979136,0.11935346,1.0
65292268929825408,65292268929825408,0.031683113,1.0
65293368441513344,65293368441513344,0.06535231,1.0
65295425728422528,65295430026352512,0.062918484,1.0
65296357738731008,65296357738731008,0.22098318,1.0
65297251091930624,65297251091930624,0.12398684,0.9
65298208867376384,65298208867376384,0.12483187,0.9
65299965511216384,65299965511216384,0.07538003,1.0
65304604076598784,65304604076598784,0.06847207,1.0
65330099002345216,65330099002345216,0.116823256,1.0
65349684053273600,65349684053273600,0.15338285,1.0
65393698877913728,65393698877913728,0.07983533,1.0
65419434321982464,65419434321982464,0.1283286,1.0
65434518247043072,65434518247043072,0.04713784,1.0
65435102362687616,65435102362687616,0.07237476,1.0
65437644983223936,65437644983223936,0.17655084,1.0
65437644983224320,65437644983224320,0.20592766,1.0
65471729844532864,65471729844532864,0.065832004,1.0
65506467539939584,65506467539939584,0.22666834,1.0
65544538129847936,65544538129847936,0.19534668,1.0
65552681387907200,65552681387907200,0.19595797,1.0
65561473183104640,65561473183104640,0.17626739,1.0
65588484235454592,65588484235454592,0.07376111,1.0
65603946117575936,65603946117575936,0.12777369,1.0
65605354866829184,65605354866829184,0.09086139,1.0
65641913628380288,65641913628380288,0.07273638,0.9
65671634801986048,65671634801986048,0.13592136,0.9
65673593307063552,65673593307063552,0.054188903,1.0
65674383581036800,65674383581036800,0.111538224,1.0
65677372878285312,65677372878285312,0.11157834,1.0
65680499614460800,65680499614460800,0.08451277,1.0
65688539793220480,65688539793220480,0.21144274,1.0
65699564971805184,65699569269925888,0.07500305,1.0
65701527774387840,65701527774387840,0.1881716,1.0
65720734868130816,65720734868130816,0.15749082,1.0
65732447241199744,65732447241199744,0.1272673,1.0
65750627840192256,65750627840192256,0.096446775,1.0
65772789871345024,65772789871345024,0.06786565,0.9
65775195052996608,65775195052996608,0.28758466,1.0
65783029073414144,65783029073414144,0.10846178,1.0
65787289680918528,65787289680918528,0.04672632,1.0
65800930496992512,65800930496992512,0.12593924,0.9
65819965792011904,65819965792011904,0.13637479,1.0
65823676643738368,65823676643738368,0.12743615,1.0
65844361206181376,65844361206181376,0.06516217,1.0
65864427293364864,65864427293364864,0.111490406,0.9
65864427293364992,65864427293364992,0.23986043,1.0
65945997312877952,65945997312877952,0.0703843,1.0
66167205308371328,66167205308371328,0.1784128,1.0
66429232674604544,66429232674604544,0.026601512,1.0
66441323003146112,66441323003146112,0.07629719,1.0
66445038154189952,66445038154189952,0.16798237,0.9
66451429065390080,66451429065390080,0.25696692,1.0
66451497784867712,66451497784867712,0.03054065,1.0
66452047540860160,66452047540860160,0.04847409,1.0
66452734735432192,66452734735432192,0.07715449,1.0
66452769091505024,66452769091505024,0.1360631,1.0
66453181412027392,66453181412027392,0.29083815,1.0
66453490649681280,66453490649681280,0.10129942,1.0
66460225158376192,66460225158376192,0.15113573,1.0
66462939577861248,66462939577861248,0.063149296,1.0
66468918172339328,66468918172339328,0.06137037,1.0
66469742806047744,66469742806047744,0.1614178,0.9
66470567439742208,66470567439742208,0.06457639,1.0
66471220274934272,66471220274934272,0.10413532,1.0
66473178779856768,66473178779856768,0.1929585,1.0
66480944080770176,66480944080770176,0.0847846,1.0
66481734354737792,66481734354737792,0.061418276,1.0
66481837433947392,66481837433947392,0.1186662,1.0
66482868226100096,66482868226100096,0.075390644,1.0
66483761579269888,66483761579269888,0.096070126,1.0
66483795939004416,66483795939004416,0.046270903,1.0
66489259137570816,66489259137570816,0.10026009,1.0
66490977124308352,66490977124308352,0.19411343,1.0
66497952151148544,66497952151148544,0.19129527,0.9
66499154741977216,66499154741977216,0.11724505,1.0
66501181966524800,66501181966524800,0.1371852,1.0
66503449709270400,66503449709270400,0.021843653,1.0
66506331628024832,66506331628024832,0.032079242,1.0
66507469794885120,66507469798631936,0.11870845,1.0
66507469798631808,66507469798631808,0.14881577,1.0
66509771901085696,66509771901085696,0.13138834,1.0
66511970924353792,66511970924353792,0.121408895,1.0
66512074003566976,66512074003566976,0.036405053,1.0
66515922294233728,66515922294233728,0.04186575,0.9
66517468482370176,66517468482370176,0.0627885,1.0
66517468482370304,66517468482370304,0.13860187,1.0
66521179334108928,66521179334108928,0.11821649,1.0
66521381194879232,66521381194879232,0.04724578,1.0
66522107047046656,66522107047046656,0.12683581,1.0
66522137109124096,66522137109124096,0.10608544,1.0
66522381924952704,66522381924952704,0.12776873,1.0
66523103479455744,66523103479455744,0.096402854,0.9
66523893753437824,66523893753437824,0.07530304,1.0
66531178017967872,66531178017967872,0.07100246,1.0
66533170882790784,66533170882790784,0.03750659,1.0
66536331978799616,66536331978799616,0.093104795,1.0
66537981246228096,66537981246228096,0.090741694,0.9
66539252556578816,66539252556578816,0.0776022,1.0
66541142342159232,66541142342159232,0.09730131,0.9
66542551091588352,66542551091588352,0.119006135,0.9
66546742979468416,66546742979468416,0.14116208,1.0
66551686483467904,66551686483467904,0.08630676,1.0
66553443128503552,66553443128503552,0.039914344,1.0
66555573432261120,66555573432261120,0.10189354,0.9
66555573432261376,66555573432261376,0.1226044,1.0
66555985749157760,66555985749157760,0.13116252,1.0
66556535504957568,66556535504957568,0.03721527,1.0
66556535504958848,66556535504958848,0.12963969,1.0
66558249192653952,66558249192653952,0.06973378,1.0
66560349435890176,66560349435890176,0.12938644,0.9
66560727393001216,66560727393001216,0.16962995,0.9
66565365957676416,66565365957676416,0.1860609,1.0
66565778274538624,66565778274538624,0.1159007,1.0
66566946505629440,66566946505629440,0.08754759,1.0
66570554277316992,66570554277316992,0.115580246,1.0
66581549393480704,66581549393480704,0.06655887,1.0
66581961710329984,66581961710329984,0.15533678,1.0
66593437863017984,66593437863017984,0.08032248,0.9
66597767189992832,66597767189992832,0.13490409,0.9
66612473157921024,66612473157921024,0.087089024,0.9
66640712564777856,66640712564777856,0.1037374,1.0
66642641008348416,66642641008348416,0.23371568,1.0
66648001127514368,66648001127514368,0.18682522,1.0
66649409876772096,66649409876772096,0.31879416,1.0
66652467893487488,66652467893487488,0.07078256,1.0
66655560269868544,66655560269868544,0.052125257,1.0
66657415695597056,66657415696297344,0.14399455,1.0
66658240329321088,66658240329321088,0.16705823,0.9
66658996243552000,66658996243552000,0.08611313,0.9
66659271121456768,66659271121456768,0.1903748,1.0
66659408560406528,66659408560406528,0.040231045,0.9
66665902550940672,66665902550940672,0.14323339,1.0
66665902550940800,66665902550940800,0.22262488,0.9
66671468828544384,66671468828544384,0.29059088,1.0
66694455493470464,66694455493470464,0.052801613,1.0
66702048995630848,66702048996405632,0.17577577,1.0
66710845088732160,66710845088732160,0.1281365,1.0
66710948167949696,66710948167949696,0.117557384,1.0
66711532283494656,66711532283494656,0.16846615,1.0
66712253837994880,66712253837994880,0.21197005,1.0
66714418501518848,66714418501518848,0.3223694,0.9
66715105696289024,66715105696289024,0.2428274,1.0
66715273197982848,66715273197982848,0.115536004,1.0
66715827250786432,66715827250786432,0.061252777,1.0
66716136488429312,66716136489019008,0.21375175,1.0
66717987616472704,66717987616472704,0.28316918,1.0
66719194505127168,66719194505127168,0.0068997433,1.0
66719228864863360,66719228864863360,0.03881047,0.9
66720294016753280,66720294016753280,0.11084464,1.0
66720534534913792,66720534534913792,0.050279684,1.0
66722355601033600,66722355601033600,0.06472526,1.0
66727234683931520,66727234683931520,0.10341105,1.0
66728089380491648,66728089380491648,0.21934167,0.9
66728089380492160,66728089380492160,0.2337238,0.9
66728128034922624,66728128034922624,0.16300571,0.9
66728265476081408,66728265476081408,0.14552703,1.0
66729261908482048,66729261908482048,0.111288235,1.0
66729635568719872,66729635568719872,0.15160458,0.9
66729674225341696,66729674225341696,0.11717323,0.9
66729880383767168,66729880383767168,0.2343085,1.0
66730120901930240,66730120901930240,0.1087191,1.0
66732423004453376,66732423004453376,0.056505397,1.0
66733763034205696,66733763034205696,0.14095293,1.0
66734720809017856,66734720809017856,0.11300222,1.0
66735446661374976,66735446661374976,0.09529953,1.0
66737095928811648,66737095928811648,0.13252133,1.0
66737405166459264,66737405166459264,0.07661385,1.0
66737576965143296,66737576965143296,0.12551029,1.0
66738023641737088,66738023641737088,0.16426699,0.9
66739982146803456,66739982146803456,0.080069944,1.0
66740497542906368,66740497542906368,0.1258871,1.0
66741116018188416,66741116018188416,0.12440437,1.0
66742765285619584,66742765285619584,0.089962214,1.0
66745170467302656,66745170467302656,0.08100008,1.0
66745617143891968,66745617143891968,0.181115,1.0
66745754582838272,66745754582838272,0.056316685,1.0
66747816167123712,66747816167123712,0.096326105,0.9
66749121837171840,66749121837171840,0.13357079,1.0
66753038847347456,66753038847347456,0.105894186,1.0
66754241438299520,66754241438299520,0.12844832,1.0
66755959425257856,66755959425257856,0.09420378,1.0
66757746131459200,66757746131459200,0.06302883,1.0
66761903659793152,66761903659793152,0.085870594,1.0
66763965244167808,66763965244167808,0.097610496,1.0
66765751950550144,66765751950550144,0.21591741,1.0
66765855029760768,66765855029760768,0.17461048,1.0
66767843597097856,66767843597097856,0.019948708,1.0
66771146429454592,66771146429454592,0.112795666,1.0
66771764904729984,66771764904729984,0.26561785,1.0
66774513683782912,66774513683782912,0.08329163,1.0
66779358406877568,66779358406877568,0.09610901,1.0
66779564565300224,66779564565300224,0.098746985,1.0
66781316909399424,66781316909399424,0.0820652,1.0
66781832308018176,66781832308018176,0.055508852,1.0
66782897460055424,66782897460055424,0.047168583,1.0
66783584654831872,66783584654831872,0.10260564,1.0
66786505232432512,66786505232432512,0.19118644,1.0
66786539592171392,66786539592171392,0.0636569,1.0
66787119410915072,66787119410915072,0.06588002,1.0
66788291938818304,66788291938818304,0.068409294,1.0
66788669895935616,66788669895935616,0.086272046,1.0
66791624833561856,66791624833561856,0.1162094,0.9
66791659193405952,66791659193405952,0.18926668,1.0
66792999222948992,66792999222948992,0.12654099,1.0
66793583338514816,66793583338514816,0.06930461,1.0
66798496781121792,66798496781121792,0.24205086,1.0
66798526845337344,66798526845337344,0.12260298,1.0
66798977817468288,66798977817468288,0.14547938,1.0
66799763794633856,66799763794633856,0.06840926,1.0
66799768088857856,66799768088857856,0.10057783,1.0
66800180408292992,66800180408292992,0.0621676,1.0
66800244832257280,66800244832257280,0.26434952,1.0
66800592725150848,66800592725851776,0.0950074,1.0
66801623514684416,66801623514684416,0.036154345,1.0
66801623517295104,66801623517295104,0.22991215,0.9
66802276352348416,66802276352348416,0.075926326,1.0
66804406656115328,66804406656115328,0.14871033,0.9
66807464672814336,66807464672814336,0.063159965,1.0
66808220587051264,66808220587759104,0.037000716,1.0
66808839062339712,66808839062339712,0.10139765,1.0
66808869124393600,66808869124393600,0.1449297,1.0
66809491897360896,66809491897360896,0.09191149,1.0
66811450402457216,66811450402457216,0.065778285,1.0
66816295125702144,66816295125702144,0.07669977,1.0
66818322350220416,66818322350220416,0.019057725,1.0
66820590092840960,66820590092840960,0.14795478,1.0
66823132713476480,66823132713476480,0.06286422,1.0
66823304512166528,66823304512166528,0.4887085,1.0
66828870787370624,66828870787370624,25.538733,1.0
66831069813319936,66831069813319936,0.13010372,1.0
66832100605159424,66832100605159424,0.14195919,0.9
66834054814431232,66834054814431232,0.8041382,0.9
66837495084120320,66837495084120320,0.5849339,0.9
66838452861270272,66838452861270272,0.033915855,1.0
66846291177113088,66846291177113088,0.11760662,1.0
66847631206903040,66847631206903040,0.033952676,1.0
66850517426494208,66850517426494208,0.25862914,1.0
66852647730267264,66852647730267264,0.06275275,1.0
66863058730966528,66863058730966528,0.17536566,0.9
66867800374681344,66867800374681344,0.09268651,1.0
66885942316710784,66885942316710784,0.2823234,1.0
66886011036187392,66886011036187392,0.14739981,1.0
66894772769437952,66894772769437952,0.30275685,0.9
66897933865345920,66897933865345920,0.041678835,1.0
66898002584817280,66898002584817280,0.33141103,1.0
66899239535574400,66899239535574400,0.1574384,1.0
66903293984399872,66903293984399872,0.041514385,1.0
66911231083913600,66911231083913600,0.12984292,0.9
66926211929978880,66926211929978880,0.20337777,1.0
66930403817997696,66930403817997696,0.13585582,1.0
66939852745876736,66939848447027584,0.11397345,1.0
66957994687842176,66957994687842176,0.18329991,1.0
66960262430594816,66960262430594816,0.12886918,1.0
66960743466922624,66960743466922624,0.08361004,0.9
66969676998824576,66969676998824576,0.12069647,1.0
66974453002505088,66974453002505088,0.26007387,1.0
66980362877378432,66980362877378432,0.078945994,1.0
66982458821495424,66982458821495424,0.3459339,1.0
67069835634816896,67069835634816896,0.14901482,1.0
67074096242336384,67074096242336384,0.10824092,1.0
67085641114472320,67085641114472320,0.07744317,1.0
67352066526730240,67352066526730240,0.056523323,1.0
67368353042978560,67368353043627648,0.28133765,0.9
67368834079044224,67368834079044224,0.17644754,0.9
67368868438779392,67368868438779392,0.168855,1.0
67369658709673344,67369658709673344,0.110700265,1.0
67373094686549632,67373094686549632,0.11696608,1.0
67381787700522240,67381787700522240,0.609392,0.9
67527885307288192,67527885307288192,0.096983746,1.0
67618285777617664,67618285777617664,0.17665255,1.0
67667935599570432,67667935599570432,0.042989004,1.0
67724697887107200,67724697887107200,0.16698973,1.0
67732257029618048,67732257029618048,0.06535944,1.0
67832346947351424,67832346947351424,0.084929176,1.0
67899520235887616,67899520235887616,0.07591502,1.0
67998201404864896,67998201404864896,0.1804887,1.0
68014964661425280,68014964661425280,0.0481017,0.9
68046133239891584,68046133239891584,0.023032274,0.9
68097020012324352,68097020012324352,0.044068683,1.0
68117635855255168,68117635855255168,0.13359341,1.0
68120418994061312,68120418994061312,0.12755194,1.0
68120728231661824,68120728231661824,0.09366728,1.0
68129764842889600,68129764842889600,0.08893875,1.0
68141408498321280,68141408498321280,0.0795652,1.0
68142374866825216,68142374866825216,0.09596078,1.0
68150861722174848,68150861722174848,0.07890601,1.0
68152820227358720,68152820227358720,0.05264909,1.0
68162028637205888,68162028637205888,0.06131251,1.0
68162921990400256,68162921990400256,0.27266896,1.0
68167835432980480,68167835432980480,0.16472082,1.0
68170721650939264,68170721650939264,0.045172606,1.0
68174191984522368,68174191984522368,0.0588063,1.0
68175806892217216,68175806892217216,0.13268895,1.0
68185221460637824,68185221460637824,0.008622862,1.0
68186114813689344,68186114813689344,0.16052644,1.0
68195598101454336,68195598101454336,0.12105736,1.0
68232191222851456,68232191222851456,0.20115538,1.0
68233531252642432,68233531252642432,0.062091228,1.0
68236795427794816,68236795427794816,0.11564571,1.0
68254245878512384,68254245878512384,0.11889902,1.0
68254765570883712,68254765570883712,0.12700935,1.0
68259438496008832,68259438496008832,0.155302,0.9
68261053403709312,68261053403709312,0.10283866,1.0
68261946756899456,68261946756899456,0.22277533,1.0
68262973252098304,68262973252098304,0.09004036,1.0
68265279651517056,68265279651517056,0.15409411,1.0
68265588889169664,68265588889169664,0.07317649,1.0
68268165869533568,68268165869533568,0.14632481,0.9
68268303308484224,68268303308484224,0.064151354,1.0
68283421593270400,68283421593270400,0.16240075,1.0
68284104491279872,68284104491279872,0.06604831,1.0
68291977168100480,68291977168100480,0.066918984,1.0
68294554148575232,68294554148575232,0.08003209,1.0
68296650092601088,68296650092601088,0.14429854,1.0
68296886313838848,68296890611072384,0.082939945,1.0
68298093201624960,68298093201624960,0.17005257,0.9
68303487680516224,68303487680516224,0.079357035,1.0
68303659479211776,68303659479211776,0.08446354,0.9
68303728198686080,68303728198686080,0.2657469,1.0
68306099020642432,68306099020642432,0.008494029,1.0
68310359628169088,68310359628169088,0.5819356,1.0
68310359628169472,68310359628169472,0.10696834,1.0
68310561489710336,68310561489710336,0.093503386,1.0
68314414077327744,68314414077327744,0.064257935,1.0
68317609532996480,68317609532996480,0.09032321,1.0
68322145018429952,68322145018429952,0.055550493,1.0
68322454256073344,68322454256073344,0.2716158,1.0
68323485048225152,68323485048225152,0.07240962,0.9
68323966084583680,68323966084583680,0.14860147,1.0
68325649711754880,68325649711754880,0.06762045,1.0
68327402058399232,68327402058399232,0.105365396,1.0
68348155340347776,68348155340347776,0.08791876,1.0
68354374452892160,68354374452892160,0.27930072,1.0
68356367317952256,68356367317952256,0.26469323,0.9
68363411064150272,68363411064150272,0.09405843,1.0
68367190635351936,68367190635351936,0.073018886,1.0
68378563708730624,68378563708730624,0.06552792,1.0
68381793524163968,68381793524163968,0.14060092,1.0
68390417818463872,68390417818463872,0.081659034,0.9
68390830135333504,68390830135333504,0.074541025,1.0
68395399980532864,68395399980532864,0.2684601,1.0
68395606138958592,68395606138958592,0.1088074,0.9
68398732874994944,68398732874994944,0.17788716,0.9
68433814167849728,68433814167849728,0.29363337,1.0
68444878003584384,68444878003882240,0.13037376,1.0
68448142178730752,68448142178730752,0.11885926,0.9
68452265347345664,68452265347345664,0.056864265,0.9
68458514523905408,68458514523905408,0.0217496,1.0
68468203969427200,68468203969427200,0.1089006,0.9
68506347575444096,68506347575444096,0.0780184,1.0
68513356962056704,68513356962056704,0.2014574,0.9
68514559552895488,68514559552895488,0.1228574,1.0
68581694185489920,68581694185489920,0.34494537,1.0
68584034944338560,68584034944338560,0.15751608,1.0
68587161680620288,68587161680620288,0.064199604,1.0
68595751615127296,68595751615127296,0.07907058,1.0
68600321460320768,68600321460320768,0.10492218,1.0
68605058807852928,68605058807852928,0.12825797,1.0
68606918530067072,68606918530067072,0.23011234,1.0
68618978798306432,68618978798306432,0.09336781,1.0
68624613795266432,68624613795266432,0.23779131,1.0
68660554081641472,68660554081641472,0.13150878,1.0
69250235911393408,69250235911393408,0.047572255,0.9
69294319455655808,69294319455655808,0.11390172,1.0
69351219182301184,69351219182301184,0.123796135,1.0
69400010010608768,69400010010608768,0.120951556,0.9
69486733990130048,69486733990130048,0.087078355,1.0
69806039039416832,69806039039416832,0.09554399,1.0
69807963184755840,69807963184755840,0.061891187,1.0
69810093488518784,69810093488518784,0.062041115,1.0
69811364798863744,69811364798863744,0.059691243,1.0
69811639676769536,69811639676769536,0.08845578,1.0
69811948914407168,69811948914407168,0.22923417,1.0
69812945346809344,69812945346809344,0.009457527,1.0
69812945346809600,69812945346809600,0.16837883,1.0
69814388455816960,69814388455816960,0.10492938,1.0
69819027020489088,69819027020489088,0.109147385,1.0
69819404977607168,69819404977607168,0.12748419,1.0
69824730737081600,69824730737081600,0.1893889,0.9
69829541100441600,69829541100441600,0.10910273,1.0
69834282744302208,69834282744302208,0.13676254,1.0
69834759483788928,69834759483788928,0.10229481,1.0
69834866859848192,69834866859848192,0.08603483,1.0
69837134602589952,69837134602589952,0.042844515,1.0
69838131035001856,69838131035001856,0.139203,0.9
69840879814047872,69840879814047872,0.086551666,1.0
69847610026687104,69847610026687104,0.08911711,1.0
69854348831573504,69854348831573504,0.09717176,1.0
69857235049588736,69857235049588736,0.038902376,1.0
69859124835119360,69859124835119360,0.05947638,1.0
69859262274067584,69859262274067584,0.2833952,1.0
69860293066219136,69860293066219136,0.048390374,1.0
69863454162150656,69863454162150656,0.055829316,1.0
69864313155605120,69864313155605120,0.14203489,1.0
69871219462957952,69871219462957952,0.10208136,1.0
69872044096705664,69872044096705664,0.25277862,1.0
69873418486230272,69873418486230272,0.102750786,1.0
69874243118711040,69874243118711040,0.008904664,1.0
69876506565909632,69876506565909632,0.8190174,0.9
69876712724339456,69876712724339456,0.10950343,1.0
69876923179646080,69876923179646080,0.10975559,1.0
69877163697813248,69877163697813248,0.089601226,0.9
69878503727603072,69878503727603072,0.053305183,1.0
69883417170175488,69883417170175488,0.3285397,1.0
69889876800977408,69889876800977408,0.11860302,1.0
69894962042148096,69894962042148096,0.1598189,1.0
69896473870624640,69896473870624640,0.12082108,1.0
69898294936767488,69898294936767488,0.11132277,0.9
69898810332838400,69898810332838400,0.07211963,1.0
69904101732529408,69904101732529408,0.10091403,1.0
69904617128601984,69904617128601984,0.06755851,1.0
69906472554465792,69906472554465792,0.069171675,1.0
69906571336964608,69906571336964608,0.10966539,1.0
69906713072633856,69906713072633856,0.1432366,1.0
69911867033651200,69911867033651200,0.05381704,1.0
69917635172718720,69917635172718720,0.12597147,1.0
69918086146123520,69918086146123520,0.08263152,1.0
69918979499309952,69918979499309952,0.27381298,1.0
69930764889482752,69930764889482752,0.052100662,1.0
69932276717968512,69932276717968512,0.087916285,0.9
69934334006064768,69934334006064768,0.15381691,1.0
69935162935991168,69935162935991168,0.07014499,1.0
69942515919994368,69942515919994368,0.14461337,1.0
69945814454871680,69945814454871680,0.07664622,1.0
69947635521777152,69947635521777152,0.1411581,1.0
69948253997063424,69948253997063424,0.11176327,1.0
69951449452730752,69951449452730752,0.20639293,1.0
69962719446879232,69962719446879232,0.049819455,1.0
69964879813013248,69964879813013248,0.14817742,1.0
69968113925681408,69968113925681408,0.26322803,1.0
69974504837007232,69974504837007232,0.07187323,1.0
69983369649631872,69983369649631872,0.063777044,1.0
69985637392346496,69985637392346496,0.13841783,1.0
69988489250631680,69988489250631680,0.09758817,0.9
69990241597280640,69990241597280640,0.07578583,1.0
69996976105980800,69996976105980800,0.098679565,0.9
70010303387697024,70010303387697024,0.19397119,0.9
70019378655328768,70019378655328768,0.22288936,1.0
70028170451469312,70028170451469312,0.08832953,1.0
70035351636365824,70035351636365824,0.117660806,1.0
70037795475083008,70037795475083008,0.16418134,0.9
70042743277270016,70042743277270016,0.09748547,1.0
70044628765739776,70044628765739776,0.034031507,1.0
70049477786093056,70049477786093056,0.18345916,1.0
70060610341280128,70060610341280128,0.09601198,0.9
70072773688658432,70072773688658432,0.14289726,0.9
70088819686490496,70088819686490496,0.14450705,1.0
70091259227969920,70091259227969920,0.059838858,1.0
70097581419826944,70097581419826944,0.06317889,1.0
70098612211973248,70098612211973248,0.18499438,1.0
70114039734416128,70114039734416128,0.17887324,1.0
70121805035254144,70121805035254144,0.092643194,1.0
70127955428529536,70127955428529536,0.09832705,1.0
70132658415356672,70132658415356672,0.09369821,0.9
70150357977789056,70150357977789056,0.12748958,1.0
70152144684310144,70152144684310144,0.104682475,1.0
70153484713977472,70153484713977472,0.078732364,1.0
70158977974956672,70158977974956672,0.100756675,1.0
70160287942261376,70160287942261376,0.099233836,0.9
70165476262750976,70165476262750976,0.030688703,1.0
70169251536714624,70169251536714624,0.0868951,1.0
70175474946486784,70175474946486784,0.06562925,0.9
70189837317110016,70189837317110016,0.06466506,1.0
70200935512668800,70200935512668800,0.08322239,1.0
70215705904150272,70215705904150272,0.33430022,1.0
70234882933734400,70234882933734400,0.07089265,0.9
70242785673539712,70242785673539712,0.20523803,1.0
70248180152474368,70248180152474368,0.25882784,0.9
70252681278085376,70252681278085376,0.11258069,1.0
70274190474468864,70274190474468864,0.3188965,1.0
70313016978627584,70313016978627584,0.12505347,0.9
70334384440377472,70334384440377472,0.17565037,1.0
70356580830628864,70356580830628864,0.10611039,1.0
70403589251055232,70403589251055232,0.08977737,0.9
70404894921335936,70404894921335936,0.17638889,1.0
70461554129560448,70461554129560448,0.053424012,1.0
70462688000922880,70462688000922880,0.13997722,1.0
70493268167993984,70493268167993984,0.28266597,1.0
70495707709395584,70495707709395584,0.09960253,0.9
70938810893886208,70938810893886208,0.051277604,1.0
71021927100882560,71021927100882560,0.033218857,1.0
71042439864623104,71042439864623104,0.06488477,1.0
71056252479453056,71056252479453056,0.052255463,0.9
71079441007018880,71079441007018880,0.17734067,1.0
71100404743364992,71100404743364992,0.08228922,0.9
71103428400426368,71103428400426368,0.44016904,0.9
71108440625265280,71108440625265280,0.38243762,0.9
71161771235981312,71161771235981312,0.095222265,0.9
