cluster,bootstrap_id,R,real_error,null_mean
pleiades,1,2.9413059487754974e-05,2.2032549163914926e-05,0.7490736954136769
pleiades,2,2.6428561963856216e-05,1.985272299195477e-05,0.7511843822265251
pleiades,3,2.5818168061808704e-05,1.8694058785378144e-05,0.7240660429750306
pleiades,4,2.7502865126449007e-05,1.9996450952085796e-05,0.7270679203838866
pleiades,5,2.9076731441757894e-05,2.1027180564599948e-05,0.7231617696341974
pleiades,6,2.722954665924387e-05,1.9532132406962366e-05,0.7173139035839075
pleiades,7,2.3127147143177194e-05,1.6621062573474104e-05,0.7186819226156708
pleiades,8,3.205514608157279e-05,2.3576400870338286e-05,0.7354950375313187
pleiades,9,2.387190110846267e-05,1.794750173977062e-05,0.7518254058705098
pleiades,10,2.2276015417812258e-05,1.6703862184278547e-05,0.7498586201786281
pleiades,11,3.5279783610637064e-05,2.6198799006719873e-05,0.7426008984596146
pleiades,12,2.9130705140066573e-05,2.131879704668413e-05,0.7318325095180106
pleiades,13,2.557254184851641e-05,1.854347174350984e-05,0.7251321301322121
pleiades,14,2.6354732868281153e-05,1.8738292831963846e-05,0.7110029506129444
pleiades,15,2.6951121127738665e-05,1.977160305824053e-05,0.7336096693169167
pleiades,16,2.648306773964018e-05,2.0077465208218672e-05,0.7581246026934589
pleiades,17,3.5655668584940886e-05,2.686656833591006e-05,0.7535006186157203
pleiades,18,3.006337152521687e-05,2.2295086048629277e-05,0.7416029845464396
pleiades,19,2.804631993535803e-05,2.09923882360105e-05,0.7484899368043424
pleiades,20,3.1694791986424886e-05,2.3250922474385794e-05,0.7335881076091093
pleiades,21,2.5217591320278857e-05,1.8873245818046616e-05,0.7484158807375706
pleiades,22,2.2041996749882662e-05,1.607116990091654e-05,0.7291158819811592
pleiades,23,3.271707646023312e-05,2.387501942252419e-05,0.72974183532394
pleiades,24,2.957557129261185e-05,2.1226647538003364e-05,0.7177087917590252
pleiades,25,2.58132112969883e-05,1.975882014420864e-05,0.7654537793410445
pleiades,26,3.1318160948129174e-05,2.357877227403926e-05,0.7528785714171305
pleiades,27,2.7638718779987856e-05,2.0744626485445172e-05,0.750563969718653
pleiades,28,2.2258440672077228e-05,1.6630595416262754e-05,0.7471590513133072
pleiades,29,2.1359451916118134e-05,1.5796662571996847e-05,0.7395631046167654
pleiades,30,2.9766614525504955e-05,2.217871851400366e-05,0.7450870334952014
pleiades,31,2.5014670811222438e-05,1.8683844941512428e-05,0.7469154834182433
pleiades,32,2.6265811058646205e-05,1.899427073669835e-05,0.7231556906538319
pleiades,33,2.9584962193289617e-05,2.281071172424081e-05,0.7710238591893376
pleiades,34,2.3729683226728888e-05,1.708246665555116e-05,0.7198775682057834
pleiades,35,1.9786437878252676e-05,1.4498766162039926e-05,0.732762827308879
pleiades,36,2.3061758268638944e-05,1.674382497247162e-05,0.7260428618420258
pleiades,37,2.9496555033707597e-05,2.2197822929383245e-05,0.7525564563053677
pleiades,38,3.1480260469437086e-05,2.3141862697824467e-05,0.7351229739757703
pleiades,39,2.519788768243879e-05,1.829597911267513e-05,0.7260917797258926
pleiades,40,2.835327260421501e-05,2.167138774293856e-05,0.7643346165167855
pleiades,41,2.324188576227112e-05,1.7021802281986256e-05,0.7323761271393041
pleiades,42,2.179201093041038e-05,1.6118011259949604e-05,0.7396293674512248
pleiades,43,2.6346488274270867e-05,1.9246927032585446e-05,0.7305310230426943
pleiades,44,1.7968146223977745e-05,1.2748452219092379e-05,0.7095029203446763
pleiades,45,2.63488529092653e-05,1.9592551266758938e-05,0.7435827029824672
pleiades,46,3.184988759549508e-05,2.3730261518620346e-05,0.7450657854747597
pleiades,47,2.2787395495867783e-05,1.623575477754259e-05,0.7124883921239155
pleiades,48,2.4188192775939596e-05,1.7890675655342872e-05,0.7396449921276892
pleiades,49,2.1897205652071053e-05,1.5624140764004736e-05,0.7135221275380859
pleiades,50,2.5681040510350368e-05,1.875192922209879e-05,0.7301857264911482
pleiades,51,2.6169662933413713e-05,1.922026594879492e-05,0.734448357156877
pleiades,52,3.2427216595160366e-05,2.2925201412479077e-05,0.7069740736212485
pleiades,53,2.692113538060248e-05,1.9674093281653633e-05,0.7308047377462926
pleiades,54,3.1726530854830574e-05,2.3148465183540288e-05,0.7296248458257069
pleiades,55,3.058845229465691e-05,2.2110326203163148e-05,0.7228324594580846
pleiades,56,2.7630046938152927e-05,2.048789208598539e-05,0.7415076829889384
pleiades,57,2.6182670225379496e-05,1.866447678312102e-05,0.7128561228651572
pleiades,58,3.1040075298565385e-05,2.295242467492846e-05,0.7394448774416883
pleiades,59,2.1468236315708408e-05,1.5546224671689615e-05,0.7241500625887172
pleiades,60,2.725500358014285e-05,1.9797511542245636e-05,0.7263808087212833
pleiades,61,2.506413016397095e-05,1.8357616811804494e-05,0.7324258488807683
pleiades,62,2.4832328807167642e-05,1.8508492205599866e-05,0.7453385604437368
pleiades,63,2.480275771361464e-05,1.8098631759567066e-05,0.7297023971504761
pleiades,64,2.5570757938761803e-05,1.8852027605319365e-05,0.737249464817085
pleiades,65,2.369513523597762e-05,1.757076170309602e-05,0.741534560917693
pleiades,66,2.7173100476183365e-05,1.9827219082630667e-05,0.7296634809858668
pleiades,67,2.9987632083998694e-05,2.195822516662911e-05,0.7322427161011472
pleiades,68,2.387708125649032e-05,1.8251410119360803e-05,0.7643903341158863
pleiades,69,2.48998966566057e-05,1.815948733180653e-05,0.7292997068318754
pleiades,70,2.541933678833763e-05,1.8914437485286576e-05,0.7440964193040829
pleiades,71,2.6134430856733755e-05,1.9373798350862296e-05,0.7413131916691607
pleiades,72,2.4970210999292484e-05,1.8965803153963104e-05,0.7595371602787213
pleiades,73,3.495447755435542e-05,2.5501931333008264e-05,0.729575525577571
pleiades,74,2.3868500341033378e-05,1.7804609314038885e-05,0.7459458725787731
pleiades,75,3.106406201430022e-05,2.3160897512441766e-05,0.7455849625132649
pleiades,76,2.6384247326576086e-05,1.9504770158929637e-05,0.7392581610347113
pleiades,77,2.818203118198592e-05,2.1010425358454487e-05,0.7455255876618447
pleiades,78,2.2646188900567653e-05,1.711653592282696e-05,0.7558241255506756
pleiades,79,2.6316486037187023e-05,1.889137954307001e-05,0.7178534214778971
pleiades,80,2.580842865137968e-05,1.9750958956875458e-05,0.7652910304486747
pleiades,81,2.4577312584624744e-05,1.87213936090072e-05,0.7617347724469707
pleiades,82,2.6919540812790073e-05,1.996711243898716e-05,0.7417330250113457
pleiades,83,2.0311007644917027e-05,1.4782671014222328e-05,0.7278157377840284
pleiades,84,2.741411195583614e-05,1.9453716622422975e-05,0.7096241765468353
pleiades,85,3.0796705466099235e-05,2.2319167404814035e-05,0.7247258129406989
pleiades,86,2.9800177535382692e-05,2.2666306396695023e-05,0.7606097772331256
pleiades,87,2.6025094156608877e-05,1.8472284666516944e-05,0.7097874288314936
pleiades,88,1.835256341237688e-05,1.3451930060322557e-05,0.7329728146450998
pleiades,89,2.4145811403593563e-05,1.7864877735209595e-05,0.7398748145838168
pleiades,90,2.676837927688402e-05,2.0087986630896197e-05,0.7504371640551016
pleiades,91,2.651122732767152e-05,1.9021370136804242e-05,0.7174835740988265
pleiades,92,2.3091004571247714e-05,1.6673340022331642e-05,0.7220707947497801
pleiades,93,2.3866036739805186e-05,1.737298722941968e-05,0.7279376722170207
pleiades,94,2.8956982511504777e-05,2.1069960313358714e-05,0.7276296936321834
pleiades,95,3.4417002599672626e-05,2.5970032381957674e-05,0.754569846887384
pleiades,96,3.433804240660471e-05,2.5111961784273812e-05,0.7313160571857084
pleiades,97,3.0396949095877974e-05,2.3054807476832323e-05,0.758457942740007
pleiades,98,3.193684506711373e-05,2.431977741302982e-05,0.7614959261606143
pleiades,99,2.473665668902658e-05,1.811334651983854e-05,0.7322471564184256
pleiades,100,2.7950402604793628e-05,2.0626965418362863e-05,0.7379845546419871
hyades,1,4.661898190295181e-06,8.262523585593408e-05,17.723517864018916
hyades,2,4.785824579111653e-06,8.643902045029105e-05,18.06146861871312
hyades,3,5.636600910813655e-06,0.0001018602684730815,18.071222370500905
hyades,4,6.307798418723188e-06,0.00011993564528571426,19.01386780682687
hyades,5,5.5681974791335044e-06,0.00010848545141857987,19.483046681645682
hyades,6,5.046148021534826e-06,9.759600021183595e-05,19.340693098049737
hyades,7,6.022280681736451e-06,0.00010883930950111523,18.072772634325762
hyades,8,5.082922769785466e-06,0.00010143897868393794,19.95682076598212
hyades,9,5.0011714393533744e-06,9.552657551510247e-05,19.100840007886944
hyades,10,5.1789276127958555e-06,9.596677134402241e-05,18.53023994907983
hyades,11,4.230754321572585e-06,8.733586623611055e-05,20.64309567463788
hyades,12,4.619356616303136e-06,9.395621634913543e-05,20.339675879869272
hyades,13,4.609661968847596e-06,8.890787243292752e-05,19.287286797551072
hyades,14,5.973796218677649e-06,0.00012115796896651823,20.28157046731962
hyades,15,4.2850282128547925e-06,8.382282176708618e-05,19.561789935390255
hyades,16,4.637214813810636e-06,7.942048374245845e-05,17.12676400194508
hyades,17,4.33087114567504e-06,8.980601284667084e-05,20.736246779439348
hyades,18,5.060951563028568e-06,8.76941138461537e-05,17.32759398188666
hyades,19,4.73273732407704e-06,9.683947390124816e-05,20.461620256969027
hyades,20,5.403503150249366e-06,0.00010139707000595717,18.765061699145637
hyades,21,5.870282207625514e-06,0.00011339860857454119,19.31740324634411
hyades,22,5.800292388313662e-06,0.00011864755426090448,20.455443677279735
hyades,23,4.73343110248009e-06,9.458998801722126e-05,19.983387519395954
hyades,24,5.962824198327814e-06,0.00011921548136909032,19.993123627981944
hyades,25,6.111759980051947e-06,0.0001130362758531125,18.494881379839747
hyades,26,4.83727872735034e-06,9.503277262526839e-05,19.645916223091692
hyades,27,5.514921176530012e-06,0.00010963016389219283,19.878826982831352
hyades,28,5.223389686861105e-06,0.00010497613896114465,20.097320945668912
hyades,29,5.1525667002272305e-06,0.00010278379428872853,19.9480764187285
hyades,30,5.132932098631132e-06,9.644644464846843e-05,18.789737092799086
hyades,31,4.371579308977824e-06,8.18729628865785e-05,18.728463353835913
hyades,32,4.318756525969387e-06,9.399852066324302e-05,21.765181736459233
hyades,33,6.614945276748642e-06,0.00012896575662269406,19.496118445001397
hyades,34,4.161123650874489e-06,7.851142892435901e-05,18.867843282633352
hyades,35,4.453370435302054e-06,8.776875062915266e-05,19.708387591880097
hyades,36,5.542952324187355e-06,0.00011186772572370263,20.181975088537932
hyades,37,6.243984625100951e-06,0.00011550504286994899,18.498611032066968
hyades,38,4.629438620153133e-06,0.0001010722579862247,21.832508491684337
hyades,39,5.929450265857321e-06,0.00011307131519397502,19.069443223945548
hyades,40,4.320815210694096e-06,7.944572096548776e-05,18.386743494342955
hyades,41,6.601121335823622e-06,0.0001316664655317135,19.94607564887087
hyades,42,5.967880955265375e-06,0.00011344621325346213,19.009463175261594
hyades,43,4.265584953058966e-06,8.038923326267295e-05,18.846004509891117
hyades,44,4.755443453055171e-06,8.834149982284052e-05,18.57692152055448
hyades,45,5.1850829865947014e-06,0.00010862045571195046,20.948643636519083
hyades,46,7.090560333558926e-06,0.00014017214153682394,19.76883841935636
hyades,47,5.005657531538005e-06,0.00010072586090267502,20.12240355398957
hyades,48,4.657082816126931e-06,8.883485020766326e-05,19.075213758286328
hyades,49,5.795859305318235e-06,0.00011786320950050777,20.33576097893843
hyades,50,4.412659874298655e-06,8.78950238141996e-05,19.91883043742853
hyades,51,4.537129783021481e-06,8.518053999996396e-05,18.774102587658042
hyades,52,4.628513506472871e-06,9.167755570169553e-05,19.80712718532344
hyades,53,6.109948092721149e-06,0.00012414738557541455,20.318893661848414
hyades,54,5.786605071224803e-06,0.00011072382724700683,19.13450561843351
hyades,55,5.27154923834317e-06,0.00010083564391676051,19.128275077717536
hyades,56,4.872339751315149e-06,0.00010319802719271985,21.18038405775469
hyades,57,4.853509350096383e-06,0.0001069184147633367,22.0290942184367
hyades,58,5.962289137369356e-06,0.00012136628967413825,20.355653152320407
hyades,59,4.78619798797253e-06,9.272716655934904e-05,19.373867690464888
hyades,60,5.205289593404286e-06,0.00010385918588565368,19.952623964909748
hyades,61,5.39811075750532e-06,0.00010235165474996719,18.960643704403708
hyades,62,4.824998904377035e-06,8.523199563132937e-05,17.664666318164446
hyades,63,5.861345725949883e-06,0.00011565737189190266,19.732221455536024
hyades,64,6.749346969776363e-06,0.00011911657173248356,17.648606934254328
hyades,65,4.075697213389734e-06,7.987650522506531e-05,19.598243206745106
hyades,66,6.451368123930977e-06,0.00013390381262778396,20.755878451746618
hyades,67,4.2444277044611985e-06,7.753565016686469e-05,18.267633604730538
hyades,68,4.413945567175459e-06,8.918820544382515e-05,20.206004828668025
hyades,69,4.7425568532876035e-06,0.00010093921504377584,21.28371217601818
hyades,70,6.558724853321231e-06,0.00012519662986030237,19.088562588031856
hyades,71,5.423725537473203e-06,0.00010392492248799199,19.161169157613454
hyades,72,3.604875656588714e-06,6.611181204922158e-05,18.33955407820725
hyades,73,5.6341310849241134e-06,0.00011114094135723638,19.726367683320124
hyades,74,4.961153069756588e-06,9.815983897263023e-05,19.78569046196478
hyades,75,4.575945374790971e-06,8.819096435469596e-05,19.27273101653328
hyades,76,5.548294891075274e-06,9.801875600924929e-05,17.66646473079822
hyades,77,4.718593967580083e-06,9.49841970426236e-05,20.12976698042446
hyades,78,5.0974560238850505e-06,9.665878626889443e-05,18.962161873684096
hyades,79,5.246519936059426e-06,9.603945368681763e-05,18.305363337464275
hyades,80,5.521976520552016e-06,0.00010238214383370514,18.54085098925236
hyades,81,6.4124096514379755e-06,0.00012413604413409344,19.358720181929748
hyades,82,4.764988541971479e-06,9.198545367327913e-05,19.304443832979466
hyades,83,5.837903703388639e-06,0.00011270378872622064,19.30552377230909
hyades,84,4.541770252632438e-06,8.671090492069121e-05,19.09187389442102
hyades,85,4.952189963791638e-06,9.489332507152712e-05,19.161891156306165
hyades,86,5.221141346194931e-06,0.0001106001036780618,21.183127662051337
hyades,87,4.977699113728334e-06,9.899359550701121e-05,19.8874205220621
hyades,88,5.518167352247272e-06,0.00010034083640093465,18.1837247759568
hyades,89,4.9553722372666544e-06,8.981385128245463e-05,18.124541806771568
hyades,90,5.143880297560049e-06,0.00010813157445873937,21.021401783013992
hyades,91,5.609886109644525e-06,0.00010621164984302801,18.932942267834775
hyades,92,6.350990977525438e-06,0.00012378530532471734,19.49070716093952
hyades,93,4.480886443415788e-06,9.704634300299055e-05,21.65784476542368
hyades,94,5.042472206752331e-06,9.467257316197184e-05,18.775031230751576
hyades,95,5.4980605895467835e-06,0.00010896304460806592,19.818451039850757
hyades,96,5.486881174313859e-06,0.00010432752609600075,19.013994067230193
hyades,97,5.633536831095985e-06,0.0001063529922335264,18.87854742450238
hyades,98,4.688943093817596e-06,8.338966638723905e-05,17.78432041480497
hyades,99,5.333793871726648e-06,0.00010542871265083596,19.766176793912496
hyades,100,4.407979274494924e-06,8.272483006619701e-05,18.76706420668818
