null_error,k_predict,k_shuffle,noise_fraction,seed
18.92217461061915,30,50,0.1,42
17.396367863084894,30,50,0.1,42
16.5914580321028,30,50,0.1,42
16.579562226642373,30,50,0.1,42
17.199227164462787,30,50,0.1,42
16.89653883384889,30,50,0.1,42
17.54407173502748,30,50,0.1,42
16.965281663379972,30,50,0.1,42
17.55177949555089,30,50,0.1,42
17.48873679108753,30,50,0.1,42
15.44806163628633,30,50,0.1,42
17.127578198378494,30,50,0.1,42
15.387207508274717,30,50,0.1,42
17.44486510950655,30,50,0.1,42
18.26622983436604,30,50,0.1,42
17.200187195827745,30,50,0.1,42
17.14806506025804,30,50,0.1,42
17.28571770838726,30,50,0.1,42
17.062592122770283,30,50,0.1,42
17.20190684370612,30,50,0.1,42
16.745581909301258,30,50,0.1,42
18.46332809669837,30,50,0.1,42
16.229391888325786,30,50,0.1,42
17.97941852756054,30,50,0.1,42
16.09926075656884,30,50,0.1,42
17.697370744387428,30,50,0.1,42
16.41897410433335,30,50,0.1,42
16.96903451377189,30,50,0.1,42
18.216856177310596,30,50,0.1,42
16.990117811746963,30,50,0.1,42
16.726196558012333,30,50,0.1,42
16.881654179060742,30,50,0.1,42
16.659532932688165,30,50,0.1,42
17.20733630051055,30,50,0.1,42
16.57605663833545,30,50,0.1,42
17.13503339061036,30,50,0.1,42
17.078625959307942,30,50,0.1,42
16.266626894550207,30,50,0.1,42
17.457360169021413,30,50,0.1,42
17.30572254366395,30,50,0.1,42
17.2861711784873,30,50,0.1,42
15.331519168598739,30,50,0.1,42
16.72035744194997,30,50,0.1,42
17.736668275531027,30,50,0.1,42
18.084347522783677,30,50,0.1,42
17.9573573691098,30,50,0.1,42
16.398697753112756,30,50,0.1,42
16.810799226198345,30,50,0.1,42
16.68261654210726,30,50,0.1,42
16.399369953844598,30,50,0.1,42
16.54254758595507,30,50,0.1,42
16.716382047500403,30,50,0.1,42
17.027047116372856,30,50,0.1,42
15.916777680849691,30,50,0.1,42
16.075067054832672,30,50,0.1,42
15.83882272093346,30,50,0.1,42
16.783768141249155,30,50,0.1,42
15.32707972243413,30,50,0.1,42
16.414598326642242,30,50,0.1,42
14.799940466870899,30,50,0.1,42
15.803248838947072,30,50,0.1,42
16.284853878725293,30,50,0.1,42
17.419597423208756,30,50,0.1,42
18.38371846355215,30,50,0.1,42
17.911387572657123,30,50,0.1,42
15.721068338401125,30,50,0.1,42
16.486135021993533,30,50,0.1,42
18.422284313040667,30,50,0.1,42
17.689498841134586,30,50,0.1,42
18.11733625364804,30,50,0.1,42
16.19753034367067,30,50,0.1,42
17.22310562212271,30,50,0.1,42
17.03995410456782,30,50,0.1,42
16.974949861576484,30,50,0.1,42
17.508351066601854,30,50,0.1,42
16.478043377719953,30,50,0.1,42
17.323722688859476,30,50,0.1,42
16.181930351084638,30,50,0.1,42
16.237212062246535,30,50,0.1,42
16.922103847466545,30,50,0.1,42
16.825937826245372,30,50,0.1,42
16.330196054988882,30,50,0.1,42
16.88628928451906,30,50,0.1,42
17.184420274325355,30,50,0.1,42
17.829798178818336,30,50,0.1,42
16.831888903582097,30,50,0.1,42
17.241591280375133,30,50,0.1,42
16.97332566246444,30,50,0.1,42
15.841003141543595,30,50,0.1,42
17.22343047747922,30,50,0.1,42
17.922146946097328,30,50,0.1,42
15.774220782516648,30,50,0.1,42
17.138972690035168,30,50,0.1,42
16.792596872050705,30,50,0.1,42
16.954313645802735,30,50,0.1,42
17.330589037853905,30,50,0.1,42
15.363447786032506,30,50,0.1,42
17.730014282012682,30,50,0.1,42
16.16154169547827,30,50,0.1,42
17.74100038132019,30,50,0.1,42
17.179035075124602,30,50,0.1,42
18.510578946464918,30,50,0.1,42
16.701889415487955,30,50,0.1,42
18.519444024930173,30,50,0.1,42
15.043225287785738,30,50,0.1,42
17.46182252127557,30,50,0.1,42
16.099455871584958,30,50,0.1,42
15.935748627536583,30,50,0.1,42
16.14173334532181,30,50,0.1,42
16.94723613998437,30,50,0.1,42
17.840386587951024,30,50,0.1,42
16.287982202140974,30,50,0.1,42
17.0363879442055,30,50,0.1,42
16.11759328572274,30,50,0.1,42
17.901274803298108,30,50,0.1,42
16.08644394374204,30,50,0.1,42
17.690286439865947,30,50,0.1,42
17.032104516170904,30,50,0.1,42
16.900528466464095,30,50,0.1,42
16.968256706768145,30,50,0.1,42
18.010720282657005,30,50,0.1,42
14.624082136511284,30,50,0.1,42
18.255072712922377,30,50,0.1,42
16.52156389556913,30,50,0.1,42
14.452694755653187,30,50,0.1,42
17.183080170626038,30,50,0.1,42
16.463464258225123,30,50,0.1,42
15.513592763742588,30,50,0.1,42
14.938879327536855,30,50,0.1,42
17.32601820156483,30,50,0.1,42
16.7892976747127,30,50,0.1,42
17.01374042894725,30,50,0.1,42
16.67157152899851,30,50,0.1,42
18.18767716558824,30,50,0.1,42
15.555962231194894,30,50,0.1,42
17.136607630410605,30,50,0.1,42
16.94345253576232,30,50,0.1,42
16.422857972180424,30,50,0.1,42
19.614776857394492,30,50,0.1,42
16.902735554802277,30,50,0.1,42
18.266599819775507,30,50,0.1,42
17.950142436253948,30,50,0.1,42
17.201560723651944,30,50,0.1,42
17.497206662881794,30,50,0.1,42
17.340391813090925,30,50,0.1,42
16.84311943496757,30,50,0.1,42
16.413137016804534,30,50,0.1,42
16.954081820983774,30,50,0.1,42
16.94062262836008,30,50,0.1,42
18.566621368267548,30,50,0.1,42
17.2247546874298,30,50,0.1,42
17.322075690651083,30,50,0.1,42
16.05009715211626,30,50,0.1,42
18.994995112551386,30,50,0.1,42
17.289579237290884,30,50,0.1,42
17.4305482305478,30,50,0.1,42
16.391271131504816,30,50,0.1,42
17.297299029894106,30,50,0.1,42
16.42141992946822,30,50,0.1,42
16.387725944870304,30,50,0.1,42
16.94834260932972,30,50,0.1,42
18.91089358233817,30,50,0.1,42
15.61505170852115,30,50,0.1,42
16.145013613606658,30,50,0.1,42
16.36532181639311,30,50,0.1,42
19.224534924117158,30,50,0.1,42
17.352604988125503,30,50,0.1,42
17.81271798826102,30,50,0.1,42
17.692390889440762,30,50,0.1,42
17.523380318056763,30,50,0.1,42
17.07782829066035,30,50,0.1,42
17.604692534435447,30,50,0.1,42
16.961954194402708,30,50,0.1,42
17.161689344056093,30,50,0.1,42
16.795087977059005,30,50,0.1,42
16.221741656374366,30,50,0.1,42
16.591497958771775,30,50,0.1,42
16.23730101696074,30,50,0.1,42
16.291024162397317,30,50,0.1,42
17.03814149863701,30,50,0.1,42
16.62424260937742,30,50,0.1,42
18.010158556199762,30,50,0.1,42
16.439326614473742,30,50,0.1,42
18.251482472769254,30,50,0.1,42
15.506555079129718,30,50,0.1,42
16.72359823676456,30,50,0.1,42
16.503585164323034,30,50,0.1,42
16.870285008383462,30,50,0.1,42
15.98409785699153,30,50,0.1,42
17.53063620946085,30,50,0.1,42
15.752013281868635,30,50,0.1,42
17.314893222299403,30,50,0.1,42
17.57292578401177,30,50,0.1,42
15.51246308322176,30,50,0.1,42
17.263887886713796,30,50,0.1,42
15.938920691424523,30,50,0.1,42
18.49147255065868,30,50,0.1,42
16.001859094108465,30,50,0.1,42
18.495717986149348,30,50,0.1,42
16.553625221191226,30,50,0.1,42
17.87262260102421,30,50,0.1,42
15.947507597095974,30,50,0.1,42
17.053657005504796,30,50,0.1,42
17.267834247847066,30,50,0.1,42
16.4453902081858,30,50,0.1,42
16.77639308780298,30,50,0.1,42
17.290106248676615,30,50,0.1,42
16.525522711913908,30,50,0.1,42
17.346928544768065,30,50,0.1,42
16.64034179350468,30,50,0.1,42
16.528259954511416,30,50,0.1,42
16.185407825968458,30,50,0.1,42
19.277823205837223,30,50,0.1,42
16.24724691128021,30,50,0.1,42
16.8449096316771,30,50,0.1,42
17.039737513368742,30,50,0.1,42
15.266241230635405,30,50,0.1,42
15.599991026619083,30,50,0.1,42
17.115642748451236,30,50,0.1,42
16.777472452226448,30,50,0.1,42
16.485392978548568,30,50,0.1,42
18.669691915311162,30,50,0.1,42
17.795134341971266,30,50,0.1,42
15.851238287557951,30,50,0.1,42
16.857920152030584,30,50,0.1,42
17.389874356035346,30,50,0.1,42
15.85968679807973,30,50,0.1,42
15.458638183789473,30,50,0.1,42
17.35816120016875,30,50,0.1,42
16.55082573048079,30,50,0.1,42
17.15056586214921,30,50,0.1,42
17.26233522795142,30,50,0.1,42
17.652461717904725,30,50,0.1,42
15.847939962157165,30,50,0.1,42
17.40867125501032,30,50,0.1,42
17.36105757656707,30,50,0.1,42
16.941268627235573,30,50,0.1,42
16.48899691288218,30,50,0.1,42
16.07358429385273,30,50,0.1,42
17.562655520140922,30,50,0.1,42
17.602440699255066,30,50,0.1,42
16.967080222816612,30,50,0.1,42
16.778155201131632,30,50,0.1,42
15.014415115289236,30,50,0.1,42
17.644004919280327,30,50,0.1,42
18.053998248438305,30,50,0.1,42
17.49222480464457,30,50,0.1,42
17.119502982538584,30,50,0.1,42
17.166668743417183,30,50,0.1,42
14.959436613130325,30,50,0.1,42
17.23221195421388,30,50,0.1,42
16.55181528643918,30,50,0.1,42
17.74440234010643,30,50,0.1,42
15.938253971336572,30,50,0.1,42
16.86010664579176,30,50,0.1,42
18.12249750924594,30,50,0.1,42
17.279160860567004,30,50,0.1,42
16.457256091559827,30,50,0.1,42
16.89368910660573,30,50,0.1,42
16.76755338523555,30,50,0.1,42
17.121028329307773,30,50,0.1,42
14.781441464444605,30,50,0.1,42
17.76336287889135,30,50,0.1,42
15.41842090675074,30,50,0.1,42
15.391290250107616,30,50,0.1,42
17.26971712281931,30,50,0.1,42
17.15774534890941,30,50,0.1,42
18.14963660864606,30,50,0.1,42
15.61867387095933,30,50,0.1,42
16.013987539584907,30,50,0.1,42
15.347934288166545,30,50,0.1,42
16.4209632462491,30,50,0.1,42
17.0509344638291,30,50,0.1,42
17.130207816799224,30,50,0.1,42
16.872493220698765,30,50,0.1,42
16.244602460132977,30,50,0.1,42
16.59498297596175,30,50,0.1,42
18.433041518500787,30,50,0.1,42
17.604716839349692,30,50,0.1,42
16.878862883855867,30,50,0.1,42
17.963196203308513,30,50,0.1,42
17.958728210272994,30,50,0.1,42
17.978027677335128,30,50,0.1,42
17.46992191400372,30,50,0.1,42
16.468710652587642,30,50,0.1,42
16.78488538158109,30,50,0.1,42
17.444775151313635,30,50,0.1,42
15.888636034917099,30,50,0.1,42
16.117456183752857,30,50,0.1,42
17.741068657378904,30,50,0.1,42
16.42302327840931,30,50,0.1,42
17.96674217371062,30,50,0.1,42
15.737661640972046,30,50,0.1,42
17.902508562600723,30,50,0.1,42
15.911865881716697,30,50,0.1,42
17.50766465720966,30,50,0.1,42
17.212512181810517,30,50,0.1,42
17.7896526937634,30,50,0.1,42
16.055331077745738,30,50,0.1,42
17.081398804430435,30,50,0.1,42
18.450996373435046,30,50,0.1,42
15.443255568312782,30,50,0.1,42
16.694602084757143,30,50,0.1,42
17.693999508863588,30,50,0.1,42
15.636451798020694,30,50,0.1,42
16.442635504366137,30,50,0.1,42
15.566344028618595,30,50,0.1,42
17.338129879358572,30,50,0.1,42
18.38658217669749,30,50,0.1,42
17.060747756424554,30,50,0.1,42
16.22588079405724,30,50,0.1,42
15.755779043200649,30,50,0.1,42
17.013026199777713,30,50,0.1,42
15.370414509766466,30,50,0.1,42
17.254924070768148,30,50,0.1,42
15.133195372120833,30,50,0.1,42
17.15680472614762,30,50,0.1,42
17.05090382687709,30,50,0.1,42
16.457987509007037,30,50,0.1,42
18.07075773161467,30,50,0.1,42
16.887808267907857,30,50,0.1,42
18.741136950454017,30,50,0.1,42
17.65608296680442,30,50,0.1,42
16.48446441320892,30,50,0.1,42
15.66723544039175,30,50,0.1,42
16.24002352268901,30,50,0.1,42
18.212345311986986,30,50,0.1,42
16.078795220271054,30,50,0.1,42
16.75937674097569,30,50,0.1,42
16.599641906635604,30,50,0.1,42
15.638089985389458,30,50,0.1,42
17.3697419174039,30,50,0.1,42
15.768563139159511,30,50,0.1,42
16.16886313688604,30,50,0.1,42
17.353324319925605,30,50,0.1,42
16.455302897880685,30,50,0.1,42
17.34405532850045,30,50,0.1,42
16.347530542286496,30,50,0.1,42
17.18891879674738,30,50,0.1,42
16.16661734157489,30,50,0.1,42
17.770934859787026,30,50,0.1,42
17.16140943263087,30,50,0.1,42
14.879906781484772,30,50,0.1,42
16.91388276593914,30,50,0.1,42
15.014011326777512,30,50,0.1,42
16.970711163644005,30,50,0.1,42
16.45109626795763,30,50,0.1,42
16.548084672802332,30,50,0.1,42
16.633033463337604,30,50,0.1,42
16.340087789296238,30,50,0.1,42
14.808663579393986,30,50,0.1,42
16.13656767425774,30,50,0.1,42
18.70735690729829,30,50,0.1,42
17.491020401390585,30,50,0.1,42
17.543409613535488,30,50,0.1,42
17.590432261785786,30,50,0.1,42
15.381505308650517,30,50,0.1,42
16.894886165783518,30,50,0.1,42
16.297249300570137,30,50,0.1,42
18.0319152060432,30,50,0.1,42
16.488416177307585,30,50,0.1,42
15.94600924493361,30,50,0.1,42
17.108134367459243,30,50,0.1,42
17.54015428028775,30,50,0.1,42
17.207640031184873,30,50,0.1,42
17.45749252155708,30,50,0.1,42
17.735046862691778,30,50,0.1,42
17.72534506210785,30,50,0.1,42
16.312770767103707,30,50,0.1,42
17.472941045170437,30,50,0.1,42
17.66041421305402,30,50,0.1,42
16.67124302846678,30,50,0.1,42
17.937984903455664,30,50,0.1,42
16.79438220286598,30,50,0.1,42
17.855857036651905,30,50,0.1,42
17.036104812680364,30,50,0.1,42
17.185216188896803,30,50,0.1,42
18.024981313376855,30,50,0.1,42
15.787679313080215,30,50,0.1,42
16.8229980546947,30,50,0.1,42
17.48129613449596,30,50,0.1,42
17.107984123767928,30,50,0.1,42
16.767474243904932,30,50,0.1,42
16.52010281213593,30,50,0.1,42
16.17358036443784,30,50,0.1,42
17.425594617397046,30,50,0.1,42
17.65368689887802,30,50,0.1,42
16.86228789150035,30,50,0.1,42
16.026887420009114,30,50,0.1,42
16.138841297141692,30,50,0.1,42
17.371357441301665,30,50,0.1,42
16.935828394634257,30,50,0.1,42
16.284053120990002,30,50,0.1,42
15.929811112482831,30,50,0.1,42
16.59145258978524,30,50,0.1,42
17.708197764313653,30,50,0.1,42
17.50588695916074,30,50,0.1,42
15.442638675033745,30,50,0.1,42
16.2121143930978,30,50,0.1,42
16.465482973897764,30,50,0.1,42
18.286479333538132,30,50,0.1,42
17.23317755678735,30,50,0.1,42
19.65900029818083,30,50,0.1,42
16.301138069308003,30,50,0.1,42
17.150401112114363,30,50,0.1,42
15.659278466778527,30,50,0.1,42
15.930874088116816,30,50,0.1,42
16.987024758621576,30,50,0.1,42
15.946649010646365,30,50,0.1,42
15.868725261218284,30,50,0.1,42
17.062604426372495,30,50,0.1,42
16.93840464226357,30,50,0.1,42
17.11603469736203,30,50,0.1,42
15.005520668544374,30,50,0.1,42
16.814564119186578,30,50,0.1,42
15.38477479096969,30,50,0.1,42
18.015703958903547,30,50,0.1,42
15.960907116310718,30,50,0.1,42
17.457219659244593,30,50,0.1,42
17.155938546381602,30,50,0.1,42
16.414678337902316,30,50,0.1,42
15.440196442487553,30,50,0.1,42
18.179717605334837,30,50,0.1,42
17.453100063259008,30,50,0.1,42
17.547782953902626,30,50,0.1,42
19.294968538087858,30,50,0.1,42
16.67441242823824,30,50,0.1,42
17.04879920567533,30,50,0.1,42
16.56799031635159,30,50,0.1,42
16.230990966438128,30,50,0.1,42
17.320158704189648,30,50,0.1,42
17.66405642964019,30,50,0.1,42
16.436448816487335,30,50,0.1,42
14.93889276668157,30,50,0.1,42
18.691932928099924,30,50,0.1,42
17.17192058859142,30,50,0.1,42
15.382381116627844,30,50,0.1,42
17.425316882566925,30,50,0.1,42
16.71151551865636,30,50,0.1,42
17.37533409131499,30,50,0.1,42
17.831330817581673,30,50,0.1,42
16.195742567255074,30,50,0.1,42
17.445245364140945,30,50,0.1,42
16.808540975867512,30,50,0.1,42
18.295928714890273,30,50,0.1,42
17.144180547752946,30,50,0.1,42
16.75318703150217,30,50,0.1,42
16.457786119899573,30,50,0.1,42
17.716591354775257,30,50,0.1,42
18.016108951873186,30,50,0.1,42
17.02292847687132,30,50,0.1,42
16.810722022529347,30,50,0.1,42
17.960831873846814,30,50,0.1,42
16.36416811172429,30,50,0.1,42
16.67418255508842,30,50,0.1,42
17.15202063370169,30,50,0.1,42
17.982571215158664,30,50,0.1,42
16.66805977931878,30,50,0.1,42
18.410753790131317,30,50,0.1,42
15.88557952502723,30,50,0.1,42
16.74668003073303,30,50,0.1,42
17.40329299993798,30,50,0.1,42
17.87597534985068,30,50,0.1,42
15.94552810993079,30,50,0.1,42
17.252775762272165,30,50,0.1,42
17.717368361193074,30,50,0.1,42
17.763529822094625,30,50,0.1,42
17.499042297308492,30,50,0.1,42
19.27241908774103,30,50,0.1,42
15.673568373750562,30,50,0.1,42
16.288892750087893,30,50,0.1,42
17.36108930284688,30,50,0.1,42
17.317847472656638,30,50,0.1,42
16.46635270636522,30,50,0.1,42
16.44807827635174,30,50,0.1,42
15.785766529445976,30,50,0.1,42
17.113038729734544,30,50,0.1,42
16.403347072018896,30,50,0.1,42
17.7285034350907,30,50,0.1,42
18.396242327356408,30,50,0.1,42
15.393168675293854,30,50,0.1,42
14.864705601103443,30,50,0.1,42
16.349705265591943,30,50,0.1,42
17.09662790275526,30,50,0.1,42
16.799879764969972,30,50,0.1,42
16.028293574551498,30,50,0.1,42
16.88275752487519,30,50,0.1,42
18.38596014439453,30,50,0.1,42
16.817376722699173,30,50,0.1,42
17.75010261533928,30,50,0.1,42
16.8543246799482,30,50,0.1,42
18.285889837834556,30,50,0.1,42
17.06708703208321,30,50,0.1,42
16.191373511935772,30,50,0.1,42
15.592586536142246,30,50,0.1,42
16.807961964734417,30,50,0.1,42
16.823972511381882,30,50,0.1,42
16.85488029201381,30,50,0.1,42
17.38928193067985,30,50,0.1,42
15.68175568182371,30,50,0.1,42
16.66811449624176,30,50,0.1,42
16.506426835197026,30,50,0.1,42
15.935213565072779,30,50,0.1,42
17.047147993284355,30,50,0.1,42
16.233318795398873,30,50,0.1,42
18.836438544719986,30,50,0.1,42
16.953655936547747,30,50,0.1,42
16.41459445054255,30,50,0.1,42
17.733051939396653,30,50,0.1,42
16.91188301434407,30,50,0.1,42
16.59891264960968,30,50,0.1,42
17.006956494592046,30,50,0.1,42
16.881813809813394,30,50,0.1,42
17.194900246535035,30,50,0.1,42
17.9087688321262,30,50,0.1,42
17.786413645975507,30,50,0.1,42
18.54792351461515,30,50,0.1,42
17.906001038300666,30,50,0.1,42
16.696736968800344,30,50,0.1,42
17.13219101182294,30,50,0.1,42
16.570959546431453,30,50,0.1,42
17.580314659929343,30,50,0.1,42
16.19040511454829,30,50,0.1,42
18.378729170724007,30,50,0.1,42
16.510446304791436,30,50,0.1,42
17.94752775031074,30,50,0.1,42
17.4738779081907,30,50,0.1,42
16.637284577833924,30,50,0.1,42
15.654094007409128,30,50,0.1,42
17.840855507744052,30,50,0.1,42
17.218530240115165,30,50,0.1,42
17.719518789143237,30,50,0.1,42
17.850088487536503,30,50,0.1,42
17.478229300550378,30,50,0.1,42
17.1786463886789,30,50,0.1,42
17.16744699748412,30,50,0.1,42
16.297937951979037,30,50,0.1,42
17.667857589892602,30,50,0.1,42
17.251576002268283,30,50,0.1,42
15.42107787161477,30,50,0.1,42
16.097852626705652,30,50,0.1,42
17.1217610477233,30,50,0.1,42
16.716971535291105,30,50,0.1,42
16.092841495466555,30,50,0.1,42
17.583045191370374,30,50,0.1,42
16.268872695690888,30,50,0.1,42
17.225606325909034,30,50,0.1,42
14.876581522672993,30,50,0.1,42
16.329625965034126,30,50,0.1,42
16.16087461842018,30,50,0.1,42
15.002666549935334,30,50,0.1,42
17.133904583820517,30,50,0.1,42
15.263321845878721,30,50,0.1,42
15.713760156356006,30,50,0.1,42
18.647519099292488,30,50,0.1,42
18.16357451877401,30,50,0.1,42
16.77443518981115,30,50,0.1,42
16.64387227493394,30,50,0.1,42
16.717641732202335,30,50,0.1,42
15.173582341712528,30,50,0.1,42
15.85719923102454,30,50,0.1,42
16.230001658437352,30,50,0.1,42
16.378138884622267,30,50,0.1,42
16.86206902055413,30,50,0.1,42
16.837241159225677,30,50,0.1,42
17.827145360482913,30,50,0.1,42
16.90793144989822,30,50,0.1,42
15.641126664851484,30,50,0.1,42
16.54367857759414,30,50,0.1,42
18.434939194079334,30,50,0.1,42
16.74978533761518,30,50,0.1,42
15.795047537504063,30,50,0.1,42
15.927718941537918,30,50,0.1,42
17.466834360526242,30,50,0.1,42
16.888309867498574,30,50,0.1,42
16.240174843961427,30,50,0.1,42
19.062533739545827,30,50,0.1,42
16.313150996055466,30,50,0.1,42
17.31855197615544,30,50,0.1,42
16.399452307467115,30,50,0.1,42
17.81236901626915,30,50,0.1,42
14.92181990974964,30,50,0.1,42
17.62272273089612,30,50,0.1,42
16.884618374157046,30,50,0.1,42
16.77711200221288,30,50,0.1,42
16.716967887378082,30,50,0.1,42
18.285328197493968,30,50,0.1,42
15.742794731025192,30,50,0.1,42
18.157379713265556,30,50,0.1,42
16.013101998646704,30,50,0.1,42
15.682651513494843,30,50,0.1,42
16.981641787287415,30,50,0.1,42
16.646830023670898,30,50,0.1,42
16.953680666123248,30,50,0.1,42
17.23762499754842,30,50,0.1,42
16.548803111232615,30,50,0.1,42
15.635878337165845,30,50,0.1,42
16.26196499485313,30,50,0.1,42
15.747621174411629,30,50,0.1,42
16.610704840678274,30,50,0.1,42
17.591269816165486,30,50,0.1,42
17.031194758394044,30,50,0.1,42
15.459668754956422,30,50,0.1,42
15.866729961302692,30,50,0.1,42
17.643777810520568,30,50,0.1,42
16.339768925756353,30,50,0.1,42
17.992610596990538,30,50,0.1,42
16.312291566001836,30,50,0.1,42
18.47647204578606,30,50,0.1,42
18.27691902398439,30,50,0.1,42
18.08581337621363,30,50,0.1,42
16.36526367788467,30,50,0.1,42
16.888397738545507,30,50,0.1,42
16.420370093177926,30,50,0.1,42
15.529896958573417,30,50,0.1,42
16.813093312427576,30,50,0.1,42
17.49662735296591,30,50,0.1,42
17.59101838037891,30,50,0.1,42
16.52167354081186,30,50,0.1,42
17.101273521661636,30,50,0.1,42
16.715434901047004,30,50,0.1,42
18.794455056013046,30,50,0.1,42
17.49870736104849,30,50,0.1,42
17.508874075506476,30,50,0.1,42
17.42471281391868,30,50,0.1,42
17.075833365922477,30,50,0.1,42
17.443680710321942,30,50,0.1,42
17.33545046960027,30,50,0.1,42
17.33272671371693,30,50,0.1,42
17.091357237229538,30,50,0.1,42
15.413832577067348,30,50,0.1,42
15.479929682163053,30,50,0.1,42
16.00197516743469,30,50,0.1,42
17.072304791856915,30,50,0.1,42
17.46269470775176,30,50,0.1,42
17.483515723119165,30,50,0.1,42
16.844757586722558,30,50,0.1,42
14.87380583887429,30,50,0.1,42
18.035850250432052,30,50,0.1,42
16.14080094212732,30,50,0.1,42
15.313250041154472,30,50,0.1,42
15.969331959663343,30,50,0.1,42
16.353948490936943,30,50,0.1,42
16.51541793654443,30,50,0.1,42
16.278352169403526,30,50,0.1,42
16.283573507047283,30,50,0.1,42
16.14835607000849,30,50,0.1,42
16.64179315045412,30,50,0.1,42
16.875664720275864,30,50,0.1,42
16.820680802691456,30,50,0.1,42
17.984427222754633,30,50,0.1,42
15.562442992549403,30,50,0.1,42
16.175271389944037,30,50,0.1,42
17.146683160822533,30,50,0.1,42
17.419235648064102,30,50,0.1,42
17.04556323954633,30,50,0.1,42
17.56922429162575,30,50,0.1,42
17.708918210003553,30,50,0.1,42
16.343244761664614,30,50,0.1,42
17.29017436977562,30,50,0.1,42
16.69492082989796,30,50,0.1,42
17.041266399121028,30,50,0.1,42
17.4878660995584,30,50,0.1,42
17.524550886464564,30,50,0.1,42
17.640075587201313,30,50,0.1,42
17.67247871103792,30,50,0.1,42
16.738624784529684,30,50,0.1,42
16.745181932891047,30,50,0.1,42
16.500245894357903,30,50,0.1,42
18.264691574403273,30,50,0.1,42
17.07945461448596,30,50,0.1,42
15.891880334815859,30,50,0.1,42
15.942953140627147,30,50,0.1,42
16.498620786004288,30,50,0.1,42
15.93777895366998,30,50,0.1,42
15.348862422295614,30,50,0.1,42
17.29134467429631,30,50,0.1,42
18.521634926548572,30,50,0.1,42
16.279745875368317,30,50,0.1,42
18.44999578506104,30,50,0.1,42
15.656259833301787,30,50,0.1,42
17.30698200913205,30,50,0.1,42
15.778604288660777,30,50,0.1,42
15.781081452251314,30,50,0.1,42
15.759867536163156,30,50,0.1,42
16.658537329014905,30,50,0.1,42
14.525343227320356,30,50,0.1,42
17.65602447461827,30,50,0.1,42
16.7710423166092,30,50,0.1,42
15.9705818796118,30,50,0.1,42
18.208146195629517,30,50,0.1,42
15.868115746744085,30,50,0.1,42
16.216331233307073,30,50,0.1,42
17.082135210721972,30,50,0.1,42
15.676382857243215,30,50,0.1,42
17.282321519694044,30,50,0.1,42
17.517001849328796,30,50,0.1,42
15.996315099601851,30,50,0.1,42
16.190931250458284,30,50,0.1,42
17.481531298860496,30,50,0.1,42
16.25765456468379,30,50,0.1,42
16.571840166348654,30,50,0.1,42
15.49388007355582,30,50,0.1,42
17.624900421418978,30,50,0.1,42
15.541197550324265,30,50,0.1,42
17.40345369364542,30,50,0.1,42
15.865507055477947,30,50,0.1,42
16.40545691700475,30,50,0.1,42
17.032716988782475,30,50,0.1,42
17.83014296906441,30,50,0.1,42
17.175669416435596,30,50,0.1,42
16.489610750594707,30,50,0.1,42
15.974507043502623,30,50,0.1,42
16.481846844092814,30,50,0.1,42
16.793357211183157,30,50,0.1,42
16.17084299091278,30,50,0.1,42
16.798270681754595,30,50,0.1,42
18.39328901030241,30,50,0.1,42
16.66192884046482,30,50,0.1,42
16.949909341583457,30,50,0.1,42
17.615077579835237,30,50,0.1,42
16.428959684597057,30,50,0.1,42
18.94632933349328,30,50,0.1,42
16.67576256558793,30,50,0.1,42
18.308210611503604,30,50,0.1,42
16.51476770585276,30,50,0.1,42
16.49259514443644,30,50,0.1,42
17.767850946841875,30,50,0.1,42
16.370619801377515,30,50,0.1,42
16.985581777367464,30,50,0.1,42
17.70409403862883,30,50,0.1,42
15.483367483230959,30,50,0.1,42
16.374776764441037,30,50,0.1,42
17.766348776179747,30,50,0.1,42
18.205721091722463,30,50,0.1,42
16.93386250976591,30,50,0.1,42
16.52477722156617,30,50,0.1,42
17.95073390335697,30,50,0.1,42
17.41048564175241,30,50,0.1,42
17.780809304332355,30,50,0.1,42
15.468509332389972,30,50,0.1,42
17.216721872748494,30,50,0.1,42
15.903193652402653,30,50,0.1,42
16.215161478512847,30,50,0.1,42
17.995271383695254,30,50,0.1,42
16.33118502211355,30,50,0.1,42
16.70330409915327,30,50,0.1,42
15.776288368899152,30,50,0.1,42
16.512471118937356,30,50,0.1,42
16.439674960653647,30,50,0.1,42
15.338482345964772,30,50,0.1,42
17.18722002686058,30,50,0.1,42
15.8328548996316,30,50,0.1,42
17.339754123304807,30,50,0.1,42
16.74083003033818,30,50,0.1,42
17.796848985838913,30,50,0.1,42
17.334753626714296,30,50,0.1,42
15.347957830423347,30,50,0.1,42
16.646611263791378,30,50,0.1,42
17.256931259199334,30,50,0.1,42
18.30583907713458,30,50,0.1,42
17.078504930786124,30,50,0.1,42
16.286859079656494,30,50,0.1,42
16.891063253561867,30,50,0.1,42
18.565595065880938,30,50,0.1,42
17.274248286124884,30,50,0.1,42
15.252301252840383,30,50,0.1,42
18.732373550091552,30,50,0.1,42
17.281175244013138,30,50,0.1,42
17.04625852322119,30,50,0.1,42
17.141986089497266,30,50,0.1,42
16.624378040396195,30,50,0.1,42
17.402859640642085,30,50,0.1,42
16.76138030734704,30,50,0.1,42
17.875557086430447,30,50,0.1,42
17.774710849011488,30,50,0.1,42
17.320291119883844,30,50,0.1,42
16.61590352475001,30,50,0.1,42
17.39742206830463,30,50,0.1,42
17.104389704708353,30,50,0.1,42
18.01485147010075,30,50,0.1,42
16.26314750599971,30,50,0.1,42
16.890481744382637,30,50,0.1,42
16.363485609505688,30,50,0.1,42
15.46629971158011,30,50,0.1,42
16.06918087437792,30,50,0.1,42
15.371867613140187,30,50,0.1,42
16.941780365187682,30,50,0.1,42
16.12388729615063,30,50,0.1,42
16.30345064073078,30,50,0.1,42
15.20713448711721,30,50,0.1,42
15.881532923169788,30,50,0.1,42
17.21345141191634,30,50,0.1,42
16.00049380383227,30,50,0.1,42
18.406659828507735,30,50,0.1,42
17.734538450654014,30,50,0.1,42
17.36912905817389,30,50,0.1,42
19.132683374426964,30,50,0.1,42
18.4586097413545,30,50,0.1,42
17.570505539252885,30,50,0.1,42
16.438977317893293,30,50,0.1,42
17.776781314574524,30,50,0.1,42
16.52726685086089,30,50,0.1,42
17.36949769629333,30,50,0.1,42
16.78652326715956,30,50,0.1,42
18.889257618060277,30,50,0.1,42
16.775620184934358,30,50,0.1,42
16.57323107813116,30,50,0.1,42
15.940096101869125,30,50,0.1,42
16.81965985829126,30,50,0.1,42
17.36699893921546,30,50,0.1,42
18.08747201642275,30,50,0.1,42
16.237094780734388,30,50,0.1,42
16.514456775350872,30,50,0.1,42
18.26865460117744,30,50,0.1,42
18.039315933653654,30,50,0.1,42
17.12165448882481,30,50,0.1,42
17.78358344145127,30,50,0.1,42
16.635444047328164,30,50,0.1,42
16.87765912234704,30,50,0.1,42
17.17582160643649,30,50,0.1,42
17.005531705266744,30,50,0.1,42
17.15196753598621,30,50,0.1,42
15.98793414454819,30,50,0.1,42
17.60550423528251,30,50,0.1,42
16.76902283921427,30,50,0.1,42
15.105176014393342,30,50,0.1,42
16.609314466672302,30,50,0.1,42
16.223778331687456,30,50,0.1,42
16.71140633836712,30,50,0.1,42
16.703872823339726,30,50,0.1,42
16.522837347252285,30,50,0.1,42
17.039957058614643,30,50,0.1,42
17.100760572595643,30,50,0.1,42
16.066502337618008,30,50,0.1,42
17.84787990274294,30,50,0.1,42
16.968231671976092,30,50,0.1,42
16.240699434932935,30,50,0.1,42
16.981302213915242,30,50,0.1,42
16.721416742002596,30,50,0.1,42
16.121974860264668,30,50,0.1,42
17.94777755081273,30,50,0.1,42
15.580444863152804,30,50,0.1,42
16.826851663080987,30,50,0.1,42
16.290030687431262,30,50,0.1,42
17.520071710142805,30,50,0.1,42
16.608667916879398,30,50,0.1,42
16.39919793260924,30,50,0.1,42
16.781610515529138,30,50,0.1,42
16.853204661176783,30,50,0.1,42
16.857853431522166,30,50,0.1,42
17.811611785555804,30,50,0.1,42
17.307465844211002,30,50,0.1,42
15.976879788776857,30,50,0.1,42
16.99086359729276,30,50,0.1,42
16.621516186612183,30,50,0.1,42
16.693513318293427,30,50,0.1,42
16.50742249386425,30,50,0.1,42
15.537860976826359,30,50,0.1,42
16.68673710642927,30,50,0.1,42
17.217477793239574,30,50,0.1,42
18.49068928633008,30,50,0.1,42
16.66984479933067,30,50,0.1,42
16.97613425008039,30,50,0.1,42
16.4924030182791,30,50,0.1,42
18.13995403910038,30,50,0.1,42
18.3003970484354,30,50,0.1,42
17.275669066102616,30,50,0.1,42
17.208381206538967,30,50,0.1,42
17.127464808011332,30,50,0.1,42
18.110826756007008,30,50,0.1,42
14.682337907855977,30,50,0.1,42
18.247674313670338,30,50,0.1,42
17.30803398897821,30,50,0.1,42
16.81701695926445,30,50,0.1,42
16.60166587133095,30,50,0.1,42
16.343070341651185,30,50,0.1,42
18.137912973310335,30,50,0.1,42
18.090550442659133,30,50,0.1,42
17.65261265660341,30,50,0.1,42
17.063656075163244,30,50,0.1,42
17.519808641813576,30,50,0.1,42
17.18470811877674,30,50,0.1,42
18.520794464863602,30,50,0.1,42
16.892440678230578,30,50,0.1,42
16.187882858568187,30,50,0.1,42
16.33008602057547,30,50,0.1,42
16.706598203341592,30,50,0.1,42
16.494499515898994,30,50,0.1,42
16.35449156464047,30,50,0.1,42
16.763798259685096,30,50,0.1,42
16.795852738293448,30,50,0.1,42
17.631434732190648,30,50,0.1,42
16.66283292322116,30,50,0.1,42
17.329080538916763,30,50,0.1,42
17.551272237631736,30,50,0.1,42
16.565046713859164,30,50,0.1,42
17.322590428977726,30,50,0.1,42
17.106569362940533,30,50,0.1,42
18.598470043114787,30,50,0.1,42
16.7110888206903,30,50,0.1,42
18.90243569864764,30,50,0.1,42
16.995091441496875,30,50,0.1,42
17.651335021879937,30,50,0.1,42
16.761114706675286,30,50,0.1,42
16.02622445476361,30,50,0.1,42
17.145811815135705,30,50,0.1,42
16.01974031446811,30,50,0.1,42
15.445987152490524,30,50,0.1,42
17.723602857741625,30,50,0.1,42
16.009985414947018,30,50,0.1,42
16.908851499136254,30,50,0.1,42
15.771650641432977,30,50,0.1,42
15.105631476118088,30,50,0.1,42
15.583471296381308,30,50,0.1,42
15.936593899362137,30,50,0.1,42
16.745377609181933,30,50,0.1,42
17.121799745955464,30,50,0.1,42
17.506842745071047,30,50,0.1,42
16.922842310230596,30,50,0.1,42
16.61932197161652,30,50,0.1,42
16.179051085876527,30,50,0.1,42
17.662618161694315,30,50,0.1,42
17.036201869356642,30,50,0.1,42
19.232037153005532,30,50,0.1,42
16.95401730996823,30,50,0.1,42
17.01759283525567,30,50,0.1,42
16.921151813056575,30,50,0.1,42
16.67572086334092,30,50,0.1,42
17.538608322474378,30,50,0.1,42
16.405043978478727,30,50,0.1,42
15.637677436052709,30,50,0.1,42
16.322242745984376,30,50,0.1,42
15.657443053866217,30,50,0.1,42
17.447753493474597,30,50,0.1,42
17.764258348377123,30,50,0.1,42
16.71500609717782,30,50,0.1,42
17.516878840477855,30,50,0.1,42
15.768021689606817,30,50,0.1,42
16.19319194750075,30,50,0.1,42
17.614078988050068,30,50,0.1,42
19.11067403258793,30,50,0.1,42
16.131779650163253,30,50,0.1,42
15.395990169137903,30,50,0.1,42
17.262158831659455,30,50,0.1,42
16.910521925201763,30,50,0.1,42
17.74932636502635,30,50,0.1,42
17.746803713722763,30,50,0.1,42
17.097210656083803,30,50,0.1,42
17.23491329315584,30,50,0.1,42
16.07784385680487,30,50,0.1,42
13.527717842302277,30,50,0.1,42
16.733458576737263,30,50,0.1,42
15.74996573513155,30,50,0.1,42
15.998593991838966,30,50,0.1,42
16.522446021610257,30,50,0.1,42
16.32069147994528,30,50,0.1,42
15.922600827147726,30,50,0.1,42
16.699354828825083,30,50,0.1,42
17.406141859684666,30,50,0.1,42
16.89965533802521,30,50,0.1,42
15.817037230322878,30,50,0.1,42
15.51078067990024,30,50,0.1,42
15.867087074974226,30,50,0.1,42
16.46813224373153,30,50,0.1,42
17.072604330058617,30,50,0.1,42
17.21559507287011,30,50,0.1,42
16.103356181882056,30,50,0.1,42
16.842983198274293,30,50,0.1,42
16.48752182483252,30,50,0.1,42
17.639300048114478,30,50,0.1,42
16.940570612880464,30,50,0.1,42
17.425627010940083,30,50,0.1,42
17.018419453238273,30,50,0.1,42
16.430900392746977,30,50,0.1,42
16.990754389577035,30,50,0.1,42
18.13423080287315,30,50,0.1,42
18.512166667853684,30,50,0.1,42
17.563578261779256,30,50,0.1,42
16.283663793689648,30,50,0.1,42
15.142778388992916,30,50,0.1,42
16.499353787699086,30,50,0.1,42
16.614125126896155,30,50,0.1,42
17.44433317805884,30,50,0.1,42
15.85339117937001,30,50,0.1,42
17.018198417135515,30,50,0.1,42
17.57285977850856,30,50,0.1,42
17.25133618578981,30,50,0.1,42
16.278298103577814,30,50,0.1,42
17.044641901831,30,50,0.1,42
16.23943315434284,30,50,0.1,42
16.568822508481965,30,50,0.1,42
17.2176439416789,30,50,0.1,42
16.519257297018612,30,50,0.1,42
16.94230935340959,30,50,0.1,42
16.1134558325215,30,50,0.1,42
16.82607700923549,30,50,0.1,42
15.55162842460528,30,50,0.1,42
16.814096693706176,30,50,0.1,42
18.03344194933536,30,50,0.1,42
