population,source_id
hyades,17674619351804672
hyades,17919668711041664
hyades,36164625361808128
hyades,38785345686459392
hyades,40903142518352896
hyades,42716408993806080
hyades,43256818958530048
hyades,44197073198840064
hyades,45789269114357632
hyades,47319961098840192
hyades,47541100375011968
hyades,47881811540636800
hyades,48203487411427456
hyades,48377760004604800
hyades,49518606397688704
hyades,58245258388824960
hyades,60804990178866176
hyades,66818769026836480
hyades,68230095278817792
hyades,145391484855481344
hyades,149956519694104704
hyades,3286525162632366208
hyades,3287518051700478464
hyades,3299843650059002240
hyades,3301057132938703616
hyades,3301326990027724928
hyades,3304085291040709888
hyades,3305847670741196544
hyades,3306247446297683072
hyades,3309540449262796544
hyades,3310241284846113408
hyades,3310870961411514880
hyades,3311221224583178368
hyades,3311221224584455936
hyades,3313541056680391296
hyades,3313759000500605056
hyades,3314172176354869632
hyades,3314267971305605120
hyades,3410439745127430016
hyades,3410639993682264960
hyades,9020084156912384
hyades,38295753774630784
hyades,40903142518991744
hyades,43522866413394560
hyades,47715063730746880
hyades,48011828791234816
hyades,52640154268714496
hyades,61669275037160064
hyades,65693075278789504
hyades,144387390220875392
hyades,145293181643038208
hyades,147872945158301184
hyades,149952774482415488
hyades,3276041594138711040
hyades,3277175602945236352
hyades,3296669944105874048
hyades,3299240189974187776
hyades,3299407109583164288
hyades,3303738528265028864
hyades,3305512074880681984
hyades,3309143388126132224
hyades,3309289520093349888
hyades,3309350023296844416
hyades,3310857011357831936
hyades,3311207923069227776
hyades,3311514210073309056
hyades,3311804515502788352
hyades,3312281669189449472
hyades,3312392067028689920
hyades,3312899491645515776
hyades,3312951748510907648
hyades,3312989136204155648
hyades,3313842529024545664
hyades,3410806054296962176
hyades,15962198711564032
hyades,43538293935879680
hyades,44556579141068544
hyades,45367056650753280
hyades,46229825383606144
hyades,47322297561027712
hyades,47577487338245120
hyades,49206035857919232
hyades,51995909173956352
hyades,52040233236358784
hyades,52548241968465408
hyades,53825771402706304
hyades,56413781254974080
hyades,57021123989934464
hyades,57833147687987200
hyades,68012529415816832
hyades,144574788234755584
hyades,149358728964339200
hyades,3276017095645265664
hyades,3277319394153512576
hyades,3277579398589199616
hyades,3296914825961790848
hyades,3297281787966279424
hyades,3301061324826769024
hyades,3301922551670040064
hyades,3305027297628961920
hyades,3310702770492165120
hyades,3310850036330955008
hyades,3311120722349948672
hyades,3311867325104353280
hyades,3312575685471393664
hyades,3312824381257598208
hyades,3313346408763839488
hyades,3313742056853382144
hyades,3313787381644565888
hyades,3410856112139584000
hyades,16353968448495616
hyades,37463870148333312
hyades,41438879559330432
hyades,43786852283456256
hyades,45968901826385024
hyades,47068207297219584
hyades,47982794811614080
hyades,48928271732299904
hyades,49341619384983936
hyades,49407521363733632
hyades,51415160877423488
hyades,52123624323443328
hyades,53129574383990528
hyades,55086705080546688
hyades,56806719222745472
hyades,57749344286258816
hyades,64961556448201856
hyades,65022510623526272
hyades,144574788234755200
hyades,144978858756826368
hyades,145310052272968192
hyades,145373377272257664
hyades,145705739022467072
hyades,147877549363243520
hyades,162150859561044352
hyades,3278207082289472896
hyades,3285193619691346688
hyades,3297063088232792192
hyades,3297691802724350848
hyades,3302579887825206528
hyades,3302598613882566400
hyades,3304700330358980608
hyades,3304898792207252352
hyades,3305271423569212288
hyades,3305966383637466752
hyades,3305972018634634880
hyades,3306443434245315200
hyades,3307342353720064384
hyades,3307516660672931584
hyades,3308269757418376576
hyades,3309411909481617024
hyades,3309923972662998656
hyades,3309976405623744256
hyades,3312425769635942656
hyades,3313285110990793472
hyades,9717316263341824
hyades,36216886524891008
hyades,38453464973610496
hyades,43317841853753600
hyades,46106581298385280
hyades,47751828650825856
hyades,48123085623867008
hyades,48322200307502592
hyades,49102063289298944
hyades,49131681384221952
hyades,50427387118457984
hyades,51789166629740672
hyades,58263984446156544
hyades,63151038753430912
hyades,64743269029603840
hyades,66029182240278016
hyades,144171233106399104
hyades,144563621319676672
hyades,144923161619697152
hyades,146727391481452544
hyades,3277175602945236608
hyades,3284188322466420864
hyades,3285104215652246144
hyades,3306541222060028672
hyades,3307650109600736000
hyades,3308216770405335296
hyades,3309026702454621952
hyades,3309918646903563264
hyades,3310615565476268032
hyades,3310640648085373824
hyades,3311604954142079104
hyades,3311934086075988864
hyades,3312025001943976064
hyades,3312498341699861760
hyades,3312921378798754304
hyades,3313778207594395392
hyades,3313977356636886144
hyades,3409548556593300480
hyades,3410717848551557888
hyades,10817721244195712
hyades,12070649105187840
hyades,16439043160641152
hyades,38007406848220032
hyades,42768532716777088
hyades,42830620763418752
hyades,44442917126833664
hyades,45181651500848512
hyades,46056862756712320
hyades,46644860960782336
hyades,49005581144118784
hyades,54749017571996032
hyades,56861660442751872
hyades,61557468448004224
hyades,62549296656082944
hyades,65119748682966912
hyades,65371399407749760
hyades,145325548516513280
hyades,145583418353218176
hyades,147721002100041472
hyades,148885251771891328
hyades,149313099234711680
hyades,3275219743556825472
hyades,3297465681285848832
hyades,3300934223858467072
hyades,3304090857318319232
hyades,3304528291149024256
hyades,3305831143707155072
hyades,3306104544145237504
hyades,3306849703791332864
hyades,3307528033746225664
hyades,3307645131734449408
hyades,3309114972622384640
hyades,3309974344039455488
hyades,3410640887035452928
hyades,3411274308810562688
hyades,9207142867979264
hyades,11279894084985344
hyades,12812853812343168
hyades,16426811093797760
hyades,37030696927741824
hyades,39387328302768640
hyades,41455166077096960
hyades,42248498076777728
hyades,42372845969541376
hyades,42793752764180736
hyades,44052178182130816
hyades,45293526808851200
hyades,45404199528067200
hyades,45845378567048320
hyades,46498282316394496
hyades,46896958359881728
hyades,48604259399852800
hyades,49124190961270656
hyades,52171349999941632
hyades,53692760557337344
hyades,53942250914697472
hyades,54099717298121728
hyades,55080829564996992
hyades,55886977746036096
hyades,56861694804053120
hyades,57660902318744960
hyades,60868349536328576
hyades,61563069085277440
hyades,62670998849127552
hyades,64609506567812864
hyades,65151668879876096
hyades,65398303082852608
hyades,68991404001811456
hyades,69116748327393664
hyades,144418966819983104
hyades,144835750444572416
hyades,145673956264565504
hyades,148946068508277888
hyades,149449095077804672
hyades,3277905747384030080
hyades,3278372902388247424
hyades,3286314640515593088
hyades,3298981804741290240
hyades,3301795386278347776
hyades,3303234200322301312
hyades,3305219231126999936
hyades,3306689724849516672
hyades,3308191314135894784
hyades,3311179340062227200
hyades,3312520946111619072
hyades,3312882483575093760
hyades,3312910967798031360
hyades,3313173957237081984
hyades,3314063977537054208
hyades,13291897284706432
hyades,36540074223000576
hyades,38781428676304768
hyades,39107399515029504
hyades,39305036729495936
hyades,44479407168836992
hyades,45003736776189696
hyades,45142206521351552
hyades,45521022637022976
hyades,48548527903788288
hyades,49520255665123328
hyades,50300290446718336
hyades,50327297200978176
hyades,51850945438240384
hyades,52214815067850496
hyades,53728945658385152
hyades,56296923784865408
hyades,61907388023665152
hyades,64115585330656000
hyades,144252253369327360
hyades,144512287869179136
hyades,145732196020926848
hyades,145830533592284288
hyades,146215053424571136
hyades,146717014840345216
hyades,149252484358362368
hyades,3276857706646840576
hyades,3284773915487855488
hyades,3285383422886520192
hyades,3285455475256293248
hyades,3287289048335871616
hyades,3287471361107301632
hyades,3300228444769145856
hyades,3300235488515572608
hyades,3300718380278099840
hyades,3301180033426525568
hyades,3304337251002413952
hyades,3306240402551340032
hyades,3306297852033721728
hyades,3306316131414586112
hyades,3307489031146701696
hyades,3307992336891315968
hyades,3311426420941869952
hyades,3311906770084019712
hyades,3312904233289409152
hyades,3314212068010812032
hyades,3314294771901304192
hyades,3410505784542875008
hyades,3410695141062231680
hyades,15897117071508096
hyades,15898083439754496
hyades,42995684946443648
hyades,45159901786885632
hyades,46994986693280640
hyades,47917511308704128
hyades,48127548093140864
hyades,50135226263009280
hyades,51505423909913472
hyades,53758598112448896
hyades,55802693306643712
hyades,63057374106768512
hyades,63395989328447232
hyades,63513568352960512
hyades,65502206932420224
hyades,66482352830035840
hyades,144928968415617792
hyades,145916050683920128
hyades,3298302821952152448
hyades,3299228679461794176
hyades,3304831550199371392
hyades,3305871825637254912
hyades,3307185432794616320
hyades,3310569798304869888
hyades,3310871854764733952
hyades,3311102820926310784
hyades,3313579505227558528
hyades,3313665885609887744
hyades,3313947704182762240
hyades,3314248558053305216
hyades,43188236920214912
hyades,44427627043191168
hyades,46241889948750208
hyades,46994986693280512
hyades,47804394753757056
hyades,47999699804126208
hyades,49341619383660288
hyades,52581777072995968
hyades,53031889647268224
hyades,55086705080199424
hyades,59293294832215168
hyades,64746361406060288
hyades,64962892180951936
hyades,65958916574337152
hyades,66046808786124032
hyades,67623748976014720
hyades,144786577364287104
hyades,147710938992084096
hyades,3284090775169021696
hyades,3285064083477831296
hyades,3287041726938931968
hyades,3300725905060807936
hyades,3302438428781887872
hyades,3304399373409432064
hyades,3304821688954500736
hyades,3306305342456749440
hyades,3307355272981718272
hyades,3307463673660554112
hyades,3309233376280902272
hyades,3309505745927087104
hyades,3310348551653256448
hyades,3310478710637938560
hyades,3310526436314499072
hyades,3311158999098356864
hyades,3311640138514119040
hyades,3312197934506930944
hyades,3312406429399957760
hyades,3312536923393893120
hyades,3312860733860742272
hyades,3313630082762446208
hyades,3314581984953794816
hyades,3314617409843985920
hyades,3410390468964390400
hyades,13333300768960640
hyades,37175179626858240
hyades,37622955737490688
hyades,37637077589965184
hyades,41321815932339968
hyades,42644116104343040
hyades,43615122310787840
hyades,43802039287826432
hyades,45506454107945344
hyades,45980377978968064
hyades,46380840731065984
hyades,46573805021304704
hyades,47869373315376000
hyades,47948469433052800
hyades,50667699128858624
hyades,51301876819771264
hyades,51534045572176896
hyades,56373168044187392
hyades,57355684762312448
hyades,57406365376348928
hyades,57680109412530944
hyades,61777783090773632
hyades,63411313771718656
hyades,144833998098820992
hyades,147506979585516800
hyades,147747772631449472
hyades,147933315219119488
hyades,148965206882342400
hyades,149814820133223552
hyades,3273746707214409600
hyades,3276857706646840704
hyades,3277015039888106496
hyades,3285374386274890368
hyades,3298631404130765568
hyades,3299573475139651584
hyades,3301997524618877568
hyades,3305881652522411520
hyades,3306422337365988224
hyades,3306830943374154240
hyades,3306998653257238656
hyades,3307371215900262784
hyades,3311785239689504512
hyades,3312136499294830848
hyades,3312824381256280576
hyades,3312903580452944640
hyades,3313173957234728576
hyades,3313259169388356608
hyades,3313978112552491136
hyades,3314329097279891584
hyades,3411223795700252928
hyades,36110577493459968
hyades,41934381346979968
hyades,42263307123999488
hyades,42768532716776704
hyades,43803894713689216
hyades,46456122917536128
hyades,47760521664503296
hyades,48762211116765824
hyades,50298125783225088
hyades,50317023639234048
hyades,53021581725641600
hyades,53748427629899776
hyades,54099721593798784
hyades,57083830512424448
hyades,58164306845332864
hyades,59293299127742720
hyades,63678907415301120
hyades,64114210941134848
hyades,65012718099202432
hyades,65319619282119808
hyades,65360679169452032
hyades,65371399405314304
hyades,67730264164802304
hyades,68001499939741440
hyades,149767987808179968
hyades,149952843201891968
hyades,3284145132275338496
hyades,3287450745264292864
hyades,3296736739437207552
hyades,3297249936488848384
hyades,3300059394856687488
hyades,3301102522153022976
hyades,3301232470684621952
hyades,3304271864420428672
hyades,3307782570688378496
hyades,3310913395688436736
hyades,3312602348628348032
hyades,3312644885984344704
hyades,3312908906213736320
hyades,3314213025787054592
hyades,11023119464589696
hyades,17705405678085120
hyades,38535825266420224
hyades,38625985220078464
hyades,45770783575075968
hyades,46458115782368384
hyades,49231668222673920
hyades,51497418090942720
hyades,62977144118041088
hyades,63846445499673472
hyades,64420871604166272
hyades,65154726896576512
hyades,144663157183364864
hyades,144663814316653824
hyades,146677879098433152
hyades,146687018788948224
hyades,149543000243089024
hyades,3273595833603606272
hyades,3273807936268126464
hyades,3277270538903180160
hyades,3284709353539537920
hyades,3287167277423046272
hyades,3297163075071392384
hyades,3297731728740278016
hyades,3298378207219150208
hyades,3300315443626902016
hyades,3303984513928122752
hyades,3305966417997207296
hyades,3306588707218380288
hyades,3306592418070112384
hyades,3307844864892259328
hyades,3307844864893938304
hyades,3309956850635519488
hyades,3311883817778820480
hyades,3312324550143212288
hyades,3312381071912436864
hyades,3312613000147191808
hyades,3411010013703308672
hyades,9877806305711744
hyades,16498244989914112
hyades,38535825266420352
hyades,43615328469218176
hyades,44388010264995200
hyades,47055528553760768
hyades,48000730596272128
hyades,48482454126911360
hyades,49131681384221184
hyades,49761186151049728
hyades,49814649903803008
hyades,53428401027681920
hyades,56805855932354816
hyades,58245258388825600
hyades,59289858858508544
hyades,64217565032311808
hyades,64426575320796032
hyades,65389300831383040
hyades,149858216482858112
hyades,3276710062849119360
hyades,3294231188658456576
hyades,3299135667649859456
hyades,3299454697820755328
hyades,3302846072717868416
hyades,3303882706024344448
hyades,3304096595394580608
hyades,3304478125929665152
hyades,3304849176745102080
hyades,3305082857325605760
hyades,3306095473174253184
hyades,3311148828615843328
hyades,3312960205303089664
hyades,3313606340183243136
hyades,10813357557424768
hyades,11279889789590656
hyades,11589475327804160
hyades,16036828063265664
hyades,17525291928845952
hyades,17525291929400832
hyades,30015331704220928
hyades,37919171042054784
hyades,38017646052130176
hyades,38670343642226816
hyades,39837784473087360
hyades,42871268333859584
hyades,43999951379783552
hyades,46975436002187136
hyades,47279347886774400
hyades,55839698744164352
hyades,57355680465856512
hyades,66483658500056832
hyades,68937115615092992
hyades,144959686022835584
hyades,145110800150961408
hyades,145664777917536512
hyades,145674574739951872
hyades,148867315986268672
hyades,149327461604162688
hyades,3273601331161715072
hyades,3278207082291970432
hyades,3292227607891547264
hyades,3293276919941407488
hyades,3302867234019572864
hyades,3303329239358666368
hyades,3304976960612420736
hyades,3305283621276219520
hyades,3305294440297446272
hyades,3307504222447587584
hyades,3309508803943800960
hyades,3310178784482082816
hyades,3310201908586060544
hyades,3310814886318365568
hyades,3311810043124387712
hyades,3312846371490133504
hyades,3313714023603261568
hyades,3313751441358252160
hyades,3314109916508904064
hyades,3314597408180024960
hyades,3410881302123955328
hyades,9345956210879616
hyades,11210487413640832
hyades,16679664408473344
hyades,38329666836450304
hyades,40432792062334464
hyades,40506356262145024
hyades,41609166424575360
hyades,42768945033709568
hyades,43733079289895424
hyades,44228959036060032
hyades,47803952373768960
hyades,49457274264750720
hyades,50248991357476736
hyades,51013701693137920
hyades,54099481075631360
hyades,57577854831218688
hyades,58061261990141696
hyades,58324212771048832
hyades,61059320962449536
hyades,64757356522247552
hyades,69027275567598720
hyades,144121239687649536
hyades,144534724778235392
hyades,145784835140102016
hyades,148792171240741120
hyades,149242249454230144
hyades,3276017439242646656
hyades,3284783776732748928
hyades,3297375379597627136
hyades,3298981804741290368
hyades,3303530209469039616
hyades,3304387519299731200
hyades,3304897280378768512
hyades,3306722607119077120
hyades,3307843524864280192
hyades,3310634944368705664
hyades,3311232425859274368
hyades,3311492803955469696
hyades,3311661819509111168
hyades,3312139626030966016
hyades,3312440445540818304
hyades,3312536927686011520
hyades,3411434528270795648
hyades,10937945968805632
hyades,17576213061640064
hyades,38354680725946240
hyades,38557609340522112
hyades,42871199614383616
hyades,43789772861265792
hyades,46269171580976128
hyades,47019347749289216
hyades,49013552603400320
hyades,49324572659092992
hyades,49335915668441088
hyades,52898264623866496
hyades,53278867446391040
hyades,53725750202606208
hyades,54253618862057728
hyades,57504080175935360
hyades,57890562810508160
hyades,60835261108333056
hyades,61497407625478272
hyades,61557468448003968
hyades,64758352954660096
hyades,144631584882018944
hyades,145673853185350272
hyades,3276758578799642624
hyades,3278177739074808832
hyades,3299407109583164160
hyades,3302997083768142464
hyades,3303772170746554240
hyades,3305182053890142976
hyades,3306422440445201920
hyades,3306634646189021440
hyades,3307717596422556928
hyades,3309967059774839808
hyades,3311024789960504576
hyades,3312348872541805184
hyades,3312613000147191680
hyades,3314063908819076352
hyades,3314074044941823360
hyades,3314079508140198528
hyades,3314150048683152896
hyades,3314185129974409088
hyades,3410453489023420416
hyades,3410466133403330944
hyades,12688815156948736
hyades,37520769874997376
hyades,39496867148963840
hyades,42212248550903552
hyades,42775954420319232
hyades,43732323377309696
hyades,44894472808190720
hyades,47279347888305664
hyades,48522895539002624
hyades,48635247587724416
hyades,48977371798954368
hyades,49013483883923968
hyades,50756415973201152
hyades,57142860543383936
hyades,63679113573574272
hyades,63879740086051072
hyades,64540958889723008
hyades,65010690873940480
hyades,67696694700442624
hyades,144377803854541184
hyades,144582897132979072
hyades,144805651314461824
hyades,145668974102570624
hyades,147526805154379904
hyades,147665584137560448
hyades,3273607206677020032
hyades,3275198268720292608
hyades,3276081898111783296
hyades,3278142520343028096
hyades,3285549792739715456
hyades,3286725239388942208
hyades,3299556814963128704
hyades,3300629354196190208
hyades,3309978501567767808
hyades,3310218298181227264
hyades,3311173120950799872
hyades,3311221258944195200
hyades,3312709379213017728
hyades,3313665885609887616
hyades,3409328757345441024
hyades,15798165320627712
hyades,41251790785624576
hyades,41641739456522752
hyades,45478347841942912
hyades,45567511362945152
hyades,46531748701629312
hyades,47345009348203392
hyades,48928336156268800
hyades,49729231594420096
hyades,49968306654050944
hyades,50667424250956288
hyades,53715888957724928
hyades,54934560157144192
hyades,61310078332607872
hyades,61801491310173056
hyades,64549651903456128
hyades,65866248360249984
hyades,145168558871003776
hyades,146160558879786624
hyades,3276921169083746816
hyades,3296669944105874176
hyades,3301771025223950336
hyades,3302264224908436480
hyades,3302788107839881984
hyades,3304160126550780928
hyades,3304412601908736512
hyades,3304860755976947072
hyades,3306922958753764992
hyades,3307198077178624128
hyades,3309420014084185600
hyades,3310765992410674560
hyades,3310903740601986432
hyades,3312628358950130176
hyades,3312837025641272320
hyades,3312884613878851584
hyades,3313207698500079360
hyades,3313689422030650496
hyades,3313958836739285120
hyades,3314128127170127232
hyades,3410395077467626752
hyades,17900495976985728
hyades,40092905530416512
hyades,42358208721260032
hyades,47752481485851136
hyades,47813504381625088
hyades,53725750200743040
hyades,56237137839020032
hyades,57242194546827776
hyades,61386868050158848
hyades,62669933697249024
hyades,63181034805012224
hyades,63489997572513024
hyades,64552022725337856
hyades,69057787016249728
hyades,69116748327393536
hyades,145227760700173568
hyades,145429108768875008
hyades,145484634106814592
hyades,149005270337201792
hyades,3272696055134814592
hyades,3273806561878598656
hyades,3276016992566050816
hyades,3277194981837704320
hyades,3277663339431421824
hyades,3285426613077584384
hyades,3292453179573841664
hyades,3299441950357981696
hyades,3300751125108664576
hyades,3305574716979955328
hyades,3305860933598991104
hyades,3306016372760404992
hyades,3310097489342277376
hyades,3310820624394671488
hyades,3311229745799686912
hyades,3312025586059836928
hyades,3312134953106549120
hyades,3312281634829711488
hyades,3312564037520033792
hyades,3312842042162993536
hyades,3313662896313355008
hyades,3314393590508675456
field,887894294748032
field,8722597542139648
field,922735069432960
field,3306854235578752
field,1933461133304320
field,180736519432320
field,7675763688547712
field,12524575607474688
field,1845019166831360
field,9355542577875200
field,2750737575085696
field,959328190809216
field,2175727353370752
field,10381867963083520
field,3492534261734656
field,576182748381952
field,2148892397467648
field,936788202400256
field,2994764732017152
field,15707008934827904
field,757911404626048
field,198053827541760
field,751176895927936
field,3239577867889536
field,12764303502096256
field,275225799903104
field,3186281618743424
field,12573675673664128
field,2245924298431744
field,142425411158016
field,556047941605632
field,1034816536083328
field,13224861435359104
field,7839041165204736
field,17553913591448704
field,980386415090176
field,1036500163305856
field,2229848236786176
field,12393802443339904
field,3382067702933632
field,1948162806175488
field,3505346149123584
field,3025001301733888
field,6962897901569152
field,6907200765232512
field,280207961937920
field,11741070493537024
field,851816569480576
field,879403143794688
field,193514046567552
field,1035950407474176
field,6817281330231296
field,15056647806832640
field,3558230081657600
field,13115352653435136
field,6996574740316288
field,607175232404608
field,17838790182460032
field,888993806406528
field,16641971775507072
field,7833715405763584
field,2159445132919424
field,1049586928459648
field,922735069432832
field,974274676969600
field,12280587106335104
field,596592432963328
field,207296597181184
field,2537501038323200
field,3744528582879104
field,17113765342848512
field,10349982125860864
field,194342975824640
field,4148800969422720
field,602571027467648
field,12418850692560384
field,1119955672792192
field,804022173477376
field,706195702703872
field,921257600685568
field,6905246555788928
field,3807303825033216
field,3674331637425280
field,14110449331810304
field,2921715928205440
field,3960170300917888
field,2446005350635648
field,881980124223872
field,800994220998400
field,1846496635580032
field,9256998848348032
field,7601821531648896
field,946615087568000
field,7703457637663360
field,458328845768064
field,194789652396672
field,11173413255969792
field,1095427114532736
field,55735791423104
field,3265725628331776
field,12489490018889600
field,12732795622070144
field,597623225113984
field,3163569831117568
field,4056755525429760
field,821923597189504
field,1111266953911936
field,2224243303992320
field,774747676404608
field,3313172132386304
field,795878915492480
field,1004202009188480
field,9751469843255680
field,15548885418808064
field,1007225666164224
field,1752763269208960
field,2403055677688320
field,15136499838838144
field,1808769642719360
field,12829827523091968
field,914346997898752
field,2271732757628032
field,1700399027955456
field,961733372488960
field,13645111935488
field,1029795718768384
field,652392648047616
field,15129902769077504
field,17280440138206720
field,579481283260288
field,9348464471776896
field,14255584866699648
field,641431891503616
field,1058593475016064
field,15301284849384448
field,6861197371138048
field,10113106089597056
field,695170522295168
field,8553173967715968
field,978462269735936
field,872741650141696
field,2714556770083968
field,668434350772096
field,3715735122151168
field,43331925875712
field,11524634206285824
field,3516551718826240
field,1704590916036992
field,4251300364081280
field,17651834550513280
field,2165900468063616
field,863460225732736
field,47038481856128
field,2854199042340864
field,2720161703025792
field,4333725081284608
field,758804757817728
field,158364034415872
field,1114393690107008
field,865487450305536
field,8685935701543424
field,465372592100096
field,2160441565328512
field,16059230612648320
field,203551385701760
field,13432050657536128
field,1743211261955840
field,17958052834163200
field,3548368836550912
field,727537395888640
field,1046292688699520
field,3028987031376128
field,210835650201984
field,2161708580032256
field,14382333645960448
field,1811307968494720
field,7813683678328704
field,941667285268480
field,191594196747136
field,452625129171712
field,617959894630528
field,265227116017792
field,1068489079654784
field,767703930081280
field,1801828975570944
field,742002845788544
field,17083971154390144
field,7764721051158144
field,1026634622831744
field,3400244004502656
field,7822926447939328
field,14560149587423232
field,222724119691264
field,14122333505604224
field,250658587146112
field,714343256383488
field,252788890727552
field,620438091387648
field,4048504895080192
field,2645360552548992
field,15195250696075264
field,10614414672368896
field,1114015732963200
field,561579859479808
field,3792288619201408
field,11430252300152832
field,13946415940788096
field,986060067361280
field,2287160280135168
field,737810957684224
field,1949026094808448
field,866213299856896
field,16181070244862720
field,9302967882838656
field,16669390846710912
field,1795197546069632
field,1929677267067392
field,600990479499776
field,144315196767744
field,10238106817652736
field,933038695972864
field,15523287413740288
field,3439031853660672
field,3926257239206528
field,594599568167552
field,233719236127616
field,6988946878380800
field,3150895383143296
field,2258534322809984
field,1044746500475136
field,52162378626432
field,3254524354066048
field,3306579357675264
field,1750461166743680
field,1076524962811904
field,245298467766912
field,12924110645133312
field,3527924792255616
field,623702266528128
field,13050687627278976
field,7388000879760768
field,17595484579416960
field,911946111600512
field,582882897367168
field,474477922791168
field,603288286279168
field,771895818129024
field,740113060180096
field,846589594185856
field,1961910996698112
field,2320145628943104
field,1729398647131392
field,772613077449728
field,975236749639680
field,9043826736128640
field,15190719506172800
field,12550517209987712
field,4026239782734208
field,3912650782849792
field,9078706165826432
field,3938076989201024
field,639129789038080
field,3270570351885184
field,947680239456640
field,2884607410752896
field,1956516517777280
field,11565629669355520
field,1933461133304576
field,1046876804250624
field,122943439626112
field,706848537721856
field,177197466380800
field,1729153833387776
field,4080768687170944
field,699946525925504
field,15916191021922432
field,105724915110784
field,751417414095744
field,1037805833315584
field,10834209623467776
field,3535277776235008
field,1832134264949376
field,616654224567552
field,9015656045951104
field,7834192147115008
field,8603747207217152
field,3627877271123456
field,7424387842669184
field,980115832483456
field,4414436106473856
field,260966508484480
field,11349880579806592
field,12396516862667648
field,1745513364419712
field,3219821018264576
field,15729274045277696
field,907444985876224
field,14766239298142592
field,13813478112968576
field,12893530478007552
field,801960589180160
field,2123367407641472
field,914037760815616
field,1949644570101248
field,12278456802498688
field,16832595308758016
field,2485450330197504
field,2163740100209152
field,16901246065682816
field,2502286602016896
field,3159244799560704
field,13764098873362304
field,183760176405632
field,13039868603785600
field,9640998988714752
field,746985007819392
field,557147453230720
field,2165797388834816
field,2253900053418752
field,13599726180539392
field,12064155114598656
field,3267649774121856
field,9397873775512064
field,1010558560781312
field,9844584734169856
field,16036347026949120
field,1066560638836096
field,1945895063408128
field,640710336995072
field,2252250785986944
field,8934910660789376
field,1007500544070912
field,662356972161536
field,15632448302035840
field,3564586633083904
field,2669859046084736
field,785021238163456
field,7511799017183360
field,810447444548224
field,3611036704039296
field,4195976890220288
field,910807944805760
field,930981406632192
field,11954341389772160
field,4039163339408128
field,1731838188552832
field,3142442887533440
field,2565680319287040
field,629023730307456
field,9186110412738304
field,4063004702418176
field,1700192869526912
field,239319873292928
field,4034039443390080
field,915141567260928
field,17985815502755072
field,707162071071872
field,937922073765888
field,2985796840276224
field,11375341143016192
field,4363965946313984
field,208808425640704
field,926304186767872
field,826768320257024
field,2906387189670272
field,15095749189189504
field,2180091040186368
field,4296552139481856
field,3631828641036800
field,987159578988800
field,14628765984906880
field,7610888206950784
field,11360158433754240
field,10310468426957440
field,13238158653933056
field,3077777859864960
field,1844739993374080
field,571544183704192
field,565187632127360
field,2723906914510464
field,1096870223541120
field,11847929280076416
field,1931124671097984
field,9799504757531904
field,1753862780835968
field,2475245487935872
field,13164075594240
field,14521013845410816
field,10472886909884928
field,3625472089444480
field,9187592176891776
field,244267675615616
field,3612930784903168
field,27168318142811776
field,2478818900725120
field,3124816341732352
field,567180496932224
field,230970456877696
field,2151576752836864
field,774434143155456
field,1753965860050560
field,625317174259456
field,4192953233237248
field,758907837031680
field,13522279330334976
field,3274281203623552
field,3307640214061440
field,634285065926912
field,148056112656384
field,1069141914689536
field,676788062301824
field,17183756130064768
field,3566167181045888
field,464891555793280
field,1016842097370368
field,2841829536506880
field,169810122607488
field,778424168402304
field,3258815025843968
field,16580600987625728
field,463207928588416
field,1108823117434368
field,1059967864557952
field,828035335131904
field,13576705155888256
field,239796614448256
field,240556823309696
field,4432719782747008
field,10448594574860032
field,16166604795008512
field,10361389559022720
field,1824918719744896
field,13962668097027072
field,6954170527522688
field,1883016742008064
field,2175624274162432
field,11510512362368
field,17976499718653952
field,2869901442775552
field,16878882171537536
field,2412057929106816
field,7365082934301696
field,1915387910966272
field,692593541920128
field,191972153867648
field,960943098509696
field,835770571714560
field,59236189231360
field,1754790493767296
field,716675422954624
field,739254066721280
field,2842929048134144
field,2809497022726784
field,3559329593089280
field,668404286111232
field,3341832449203200
field,2299151828854272
field,1112469544754688
field,4242637414749440
field,2829387015722240
field,12722865657686656
field,7701735355597056
field,8682229144830592
field,2153363459229952
field,6986679135675520
field,3663744542880512
field,2646593207864448
field,739666383750144
field,1737537609572096
field,16240473937131008
field,449601472200064
field,13988884577391872
field,2610549842485120
field,940155456757120
field,1020488525211008
field,17552466186910976
field,587109145147776
field,9497757535046016
field,215126322240384
field,1064572069487488
field,2637663971129344
field,1053989270086400
field,113833813567232
field,4099464680253440
field,17785738746422400
field,904077731520256
field,4483430461167232
field,152282360484480
field,2349935522057600
field,1103398573858560
field,2847494598078720
field,11334766587155712
field,1067767525150592
field,2816746927534976
field,567524094320384
field,6917822220030208
field,2284480220498048
field,2866740346837504
field,3164467479787776
field,11966882695397376
field,780623191662720
field,9228647768873856
field,2342960495203840
field,428951269447936
field,641118358682240
field,10328301131006464
field,169981921298176
field,42335493463424
field,6812200384220800
field,1835187986015488
field,8597738548242816
field,9990304384488704
field,776500023058048
field,928576224950656
field,16350184581959296
field,275809915454208
field,12368960353304192
field,697403905285248
field,3316406242837504
field,3601450337048832
field,894040392438272
field,7006882661821824
field,779008283962368
field,7727337655848064
field,14594028289436160
field,2852927732020736
field,6802197404714240
field,572849853761408
field,622911992544128
field,1039626899461120
field,9321251558963328
field,10463506701340416
field,775022554311168
field,669709956206080
field,1100924672662912
field,1960570966873856
field,635517720885504
field,816048081895808
field,7461255842074368
field,15309157524187904
field,154893700610816
field,3107052357026816
field,16071325240563456
field,886794783120640
field,2123436127118976
field,4184092715799424
field,663181605882112
field,1055290645074176
field,3062312520192
field,15975560354202240
field,7705897178568448
field,2261317461627136
field,8908831618927872
field,8595195927607040
field,7484066413108736
field,979188119547904
field,4320393502574080
field,1807292173993216
field,17888096406896768
field,668915386669184
field,1017494932301056
field,1077972367420928
field,7499150338267648
field,1042066440881920
field,11458182471967360
field,990973509948544
field,7454998074393344
field,614150259288832
field,14491911147113216
field,1041168792216576
field,15656805065683072
field,9124404617858176
field,1704311742814976
field,14068629235032960
field,2257748344116864
field,573051716881536
field,3900109478317184
field,12694140916386944
field,969322579286784
field,922043579695360
field,2464181652208256
field,44362718023680
field,871642138514688
field,486572550696064
field,1872468302124800
field,14973772117928064
field,2348526772784256
field,2149790046440576
field,583600156577024
field,226366251929600
field,582642379199232
field,3695389861899648
field,2512216566398464
field,1014883592186240
field,668679164054528
field,3766450095982848
field,8723048514001280
field,2308394598435456
field,2471981312251008
field,977367053448320
field,9018267386063360
field,2468682777876864
field,15356367804619776
field,45668388078592
field,9145260979008768
field,3590455220503424
field,15902928162862848
field,4462440956412288
field,1924321442904832
field,580821313069056
field,2421850454568576
field,1112400825276160
field,9252429003121152
field,656000420572800
field,2466346315719552
field,913973336161536
field,47416438977408
field,54803782957312
field,949879262711680
field,14838635266987776
field,1836463591982464
field,3389038434206464
field,275294519379584
field,2278982662412800
field,12373289680338304
field,1725790874604032
field,16941038938086528
field,822370273787392
field,7846394149244160
field,539830145127936
field,267632297700736
field,3025374963720448
field,772617372666752
field,220215858794496
field,3190787039361920
field,8454595878195328
field,961282400512256
field,2353985675646208
field,953036063270016
field,2510223701571328
field,2374915051857280
field,1873950066525056
field,602055631389696
field,1862920590480640
field,12374870228298112
field,717916669172864
field,6954724579024512
field,7489602626218368
field,667614012130688
field,17724784570321792
field,639400372061056
field,15123163964773760
field,11340779541355392
field,1069451152332160
field,12636584059011200
field,1702598051213952
field,38796440413824
field,2719371429048448
field,1050347137820800
field,2298189756179840
field,1023202944541568
field,854977665425408
field,9359940624377600
field,1118619937918976
field,3355885582236544
field,1842648344882048
field,16594795854674688
field,3519987692674688
field,2140203679411968
field,962592365949056
field,3621069747723136
field,18012440004931840
field,1751869916015872
field,945343777343616
field,38590281983360
field,13405589363298688
field,2233387289833728
field,741212571806848
field,905830078173440
field,14523174213532544
field,4478246436088192
field,3400553242339072
field,16122207717840384
field,735401480403584
field,12155414578343168
field,54155243432320
field,832575116051968
field,788766449648640
field,15342211592419584
field,1796773799018240
field,1965961150870144
field,9340252494297472
field,748836138516864
field,1969367059915776
field,1824472043147520
field,2161364982347392
field,3178142655675008
field,1082537917023232
field,10400800178887168
field,7693630752497664
field,2381713984553088
field,3563448466288896
field,13473694659661952
field,2919619984133632
field,3324308982655488
field,9302010105514112
field,12956237000652288
field,852228886344320
field,613875381383296
field,12843674497671424
field,955170662439424
field,16478385061189504
field,660089229432448
field,968601024779776
field,12846968736889984
field,827180637131904
field,7340137764207104
field,540513044635264
field,581950889119104
field,2331656141277440
field,4062150004346240
field,122359324075904
field,4395198948436480
field,7871648556909824
field,63810329933568
field,898167856523904
field,149572236736384
field,3732433955006592
field,2127250058075264
field,15702885766223488
field,11511994117720192
field,10434300923716736
field,13213454002203008
field,1955756307917312
field,699706007757696
field,17431970879956864
field,3971680813301376
field,998803234633344
field,3301391037180032
field,1111576191555968
field,2767165825049344
field,9319774090217472
field,1079655994599424
field,16011638278016
field,1069313713379584
field,824088260668672
field,16867229924920064
field,542029168385920
field,15450479127961856
field,13905592276283776
field,473069173520768
field,2868389614290688
field,15599737831586432
field,2488611426123776
field,597520145900672
field,10467286272555264
field,9825476424328704
field,1833160761441152
field,1841067796919168
field,7555779482248832
field,4365409055321856
field,3963773778340352
field,1854296296158720
field,790587515776256
field,27187903193628672
field,16557137581431296
field,16223057845209728
field,1834298928436352
field,153729765076864
field,3616877859431808
field,7732384242288128
field,3518815166014080
field,3269947581107712
field,988946285380864
field,877964330368256
field,9993705999032064
field,544430054818560
field,9128252908515968
field,935997928415104
field,994576986834176
field,753891315276800
field,539555267221504
field,14412299633366400
field,3946460765312256
field,2760976776884992
field,8922674298496512
field,3555137705040640
field,3219339981955840
field,15312352979815040
field,3323896665795840
field,985334217197568
field,70059506681856
field,1041722843499264
field,963726237318784
field,870508267113984
field,844566664692736
field,3202022673835904
field,1071478376892928
field,686851170433920
field,7379922045911296
field,1089242361625216
field,2526888174676096
field,3872759126586496
field,849922488806016
field,14664946789004800
field,871878361142144
field,465372592100480
field,4185325371326848
field,1047254761371776
field,856077177052928
field,836556550062976
field,10504184336314112
field,15303174634260352
field,7334537126877056
field,3285409463698816
field,3247068290849152
field,10296277854832128
field,772303839869056
field,197366632798208
field,977294038623872
