realization,purity,contamination,cluster_median,field_median,delta
0,1.0,0.0,0.8531058757242549,0.977327248772123,0.12422137304786807
1,1.0,0.0,0.8496844454905952,0.9995978400297365,0.14991339453914132
2,1.0,0.0,0.8521434156390446,0.9730837580955152,0.12094034245647056
3,1.0,0.0,0.8505608051468023,1.0338267610520377,0.18326595590523542
4,1.0,0.0,0.8579237820287555,0.9776974643937416,0.11977368236498609
5,1.0,0.0,0.8465934147209031,0.9806499964763655,0.13405658175546242
6,1.0,0.0,0.8458289938029898,0.9783920376335977,0.1325630438306079
7,1.0,0.0,0.846709099549975,0.9773265227912984,0.13061742324132342
8,1.0,0.0,0.8539068884555203,0.9714424678674574,0.11753557941193704
9,1.0,0.0,0.8513155648289179,0.9595267592305138,0.10821119440159588
10,1.0,0.0,0.8445013603834866,0.9818082814560118,0.1373069210725253
11,1.0,0.0,0.8532744155641432,0.9569418128798366,0.10366739731569341
12,1.0,0.0,0.8478460465151592,0.9909397576372923,0.1430937111221331
13,1.0,0.0,0.8484266532802546,0.9774907049248409,0.12906405164458634
14,1.0,0.0,0.8510754437006163,1.0256954400368314,0.17461999633621517
15,1.0,0.0,0.8475935165863782,0.9853431636375957,0.1377496470512175
16,1.0,0.0,0.8525157355491486,0.9732278553465403,0.12071211979739171
17,1.0,0.0,0.8480942075758863,0.9978981155778783,0.14980390800199206
18,1.0,0.0,0.8478737768539604,0.985412591839406,0.13753881498544562
19,1.0,0.0,0.8457780467105763,1.0044289998947296,0.15865095318415323
20,1.0,0.0,0.8435956086088512,0.9652430473041709,0.12164743869531969
21,1.0,0.0,0.8538993730113662,1.017694137873625,0.16379476486225886
22,1.0,0.0,0.8582597364926416,0.956675019207655,0.09841528271501332
23,1.0,0.0,0.8483739429734152,1.0230989279124467,0.17472498493903155
24,1.0,0.0,0.8515006740686105,0.9548047548773999,0.10330408080878939
25,1.0,0.0,0.849172975216868,0.9832721334674592,0.13409915825059127
26,1.0,0.0,0.8514709419215096,1.0072021859149747,0.15573124399346505
27,1.0,0.0,0.8529172618607307,0.9835125422956005,0.1305952804348698
28,1.0,0.0,0.8530721975952675,0.9820697929149879,0.12899759531972033
29,1.0,0.0,0.8494456718012509,1.0025061612663837,0.15306048946513284
30,1.0,0.0,0.8504436858572046,1.0097277038135237,0.15928401795631908
31,1.0,0.0,0.8454277109013778,0.9990784239230999,0.15365071302172206
32,1.0,0.0,0.8525569481068239,0.9438096591407241,0.0912527110339002
33,1.0,0.0,0.8475555215207982,0.9649615783280694,0.11740605680727123
34,1.0,0.0,0.8530300843576923,0.9880416687212822,0.13501158436358984
35,1.0,0.0,0.8507543097712748,1.0085089046551967,0.15775459488392196
36,1.0,0.0,0.8504748452355633,0.978262820172163,0.12778797493659977
37,1.0,0.0,0.844896387323512,0.973965917001056,0.12906952967754393
38,1.0,0.0,0.8506409896439525,1.0017077949165476,0.15106680527259508
39,1.0,0.0,0.8441899105062715,0.9513837773122042,0.10719386680593279
40,1.0,0.0,0.8527270106530442,0.967842312372124,0.1151153017190798
41,1.0,0.0,0.8518655619627742,0.9853770953059007,0.1335115333431265
42,1.0,0.0,0.8451861631419774,0.9865785837599381,0.14139242061796076
43,1.0,0.0,0.8468897497236776,0.9977399009821729,0.15085015125849532
44,1.0,0.0,0.8473238778607798,0.9834366641690571,0.13611278630827728
45,1.0,0.0,0.8502860453915916,0.9876930500041301,0.13740700461253852
46,1.0,0.0,0.8479337255512658,1.0151199063794851,0.16718618082821934
47,1.0,0.0,0.8508691055860761,0.9633522184383942,0.11248311285231816
48,1.0,0.0,0.8433171025879846,1.0032757976416629,0.1599586950536782
49,1.0,0.0,0.8463955105799927,0.9904302622355201,0.14403475165552737
0,0.9,0.09999999999999998,0.8136096322723034,0.996049591367958,0.18243995909565458
1,0.9,0.09999999999999998,0.8126139325609292,1.0165961328072188,0.20398220024628966
2,0.9,0.09999999999999998,0.8111028069513492,1.0180487703217564,0.20694596337040727
3,0.9,0.09999999999999998,0.8571624443398862,0.9750310561433877,0.1178686118035015
4,0.9,0.09999999999999998,0.8093405851025004,1.0036317661922465,0.19429118108974608
5,0.9,0.09999999999999998,0.8350188038565743,1.0045486622168147,0.16952985836024037
6,0.9,0.09999999999999998,0.8105919229513626,0.9911527321421212,0.18056080919075856
7,0.9,0.09999999999999998,0.8253073952741988,0.9894840495309627,0.16417665425676387
8,0.9,0.09999999999999998,0.7862599120585703,0.9738044447072243,0.187544532648654
9,0.9,0.09999999999999998,0.8151003109474462,1.0118980482207323,0.1967977372732861
10,0.9,0.09999999999999998,0.8095652803387513,0.9762728572258503,0.16670757688709903
11,0.9,0.09999999999999998,0.7888081474314075,0.9914904884585387,0.20268234102713123
12,0.9,0.09999999999999998,0.80615148674219,1.0070511942768818,0.20089970753469188
13,0.9,0.09999999999999998,0.8144914738938227,0.9817406147783261,0.16724914088450338
14,0.9,0.09999999999999998,0.7913694955071596,0.9985536269703978,0.20718413146323822
15,0.9,0.09999999999999998,0.8033400398981299,0.992308933719737,0.1889688938216072
16,0.9,0.09999999999999998,0.7796132846418682,0.9768169128494828,0.1972036282076146
17,0.9,0.09999999999999998,0.7888716261168366,0.9651196033671251,0.1762479772502885
18,0.9,0.09999999999999998,0.8387143423301353,0.9426411439959207,0.10392680166578538
19,0.9,0.09999999999999998,0.8330402511570617,1.0117249031260585,0.17868465196899674
20,0.9,0.09999999999999998,0.8162089686782745,0.9710777591949544,0.1548687905166799
21,0.9,0.09999999999999998,0.7520141697365565,1.005590901625748,0.2535767318891915
22,0.9,0.09999999999999998,0.7865893859442966,0.9861042377585012,0.19951485181420459
23,0.9,0.09999999999999998,0.790746281159277,1.0168241066645347,0.22607782550525768
24,0.9,0.09999999999999998,0.8424807025709404,1.001124361571088,0.15864365900014765
25,0.9,0.09999999999999998,0.8609250543729317,0.9938999024561571,0.13297484808322546
26,0.9,0.09999999999999998,0.8214749335391656,0.987951047883042,0.16647611434387644
27,0.9,0.09999999999999998,0.8086139669757364,0.9499825846236851,0.14136861764794872
28,0.9,0.09999999999999998,0.8149293318473236,0.9725383102530087,0.1576089784056851
29,0.9,0.09999999999999998,0.8084569611483252,1.0168013061171126,0.2083443449687874
30,0.9,0.09999999999999998,0.827426751450751,0.9597654633152155,0.13233871186446455
31,0.9,0.09999999999999998,0.8428035580183069,0.9969867240523947,0.15418316603408788
32,0.9,0.09999999999999998,0.8201301107197412,0.9480179405422859,0.12788782982254476
33,0.9,0.09999999999999998,0.8396043789142034,0.996069852792657,0.15646547387845366
34,0.9,0.09999999999999998,0.7840624979445656,1.0296875690750893,0.24562507113052368
35,0.9,0.09999999999999998,0.8538734988703393,0.988843347139761,0.1349698482694217
36,0.9,0.09999999999999998,0.8594345069986594,0.9997111787064971,0.14027667170783764
37,0.9,0.09999999999999998,0.8212794825356282,0.9562865534757674,0.1350070709401392
38,0.9,0.09999999999999998,0.8030301387553311,0.9841040777038892,0.18107393894855806
39,0.9,0.09999999999999998,0.8048072107244018,0.9836646734539438,0.17885746272954206
40,0.9,0.09999999999999998,0.7935770401314404,0.9816332019816539,0.18805616185021357
41,0.9,0.09999999999999998,0.8116967431434194,0.9895349033407579,0.17783816019733845
42,0.9,0.09999999999999998,0.8286136738854311,1.0186115990395035,0.18999792515407243
43,0.9,0.09999999999999998,0.8565077932584833,0.9636639028292211,0.10715610957073785
44,0.9,0.09999999999999998,0.8184467201290215,0.9533096147326914,0.13486289460366985
45,0.9,0.09999999999999998,0.7937427332817364,0.975889683133116,0.18214694985137958
46,0.9,0.09999999999999998,0.8643033186403928,1.0045172696160511,0.14021395097565836
47,0.9,0.09999999999999998,0.8776354740379979,0.9926603094859909,0.11502483544799302
48,0.9,0.09999999999999998,0.8056364026889488,0.9759978849720695,0.17036148228312076
49,0.9,0.09999999999999998,0.8204098659223058,0.9379617542647971,0.1175518883424913
0,0.8,0.19999999999999996,0.8278340469883534,0.962496734296044,0.1346626873076906
1,0.8,0.19999999999999996,0.9040644166390077,1.0108093253571109,0.10674490871810316
2,0.8,0.19999999999999996,0.9385513576404054,0.9969516986846652,0.05840034104425973
3,0.8,0.19999999999999996,0.8866501155904472,0.9887907697329131,0.10214065414246598
4,0.8,0.19999999999999996,0.8078836271604469,0.9798925899560297,0.17200896279558275
5,0.8,0.19999999999999996,0.8124569983332021,0.9610611805353204,0.14860418220211835
6,0.8,0.19999999999999996,0.84835691303309,0.9869810156988377,0.13862410266574765
7,0.8,0.19999999999999996,0.8719938638443192,1.0069409684217363,0.1349471045774171
8,0.8,0.19999999999999996,0.7974925644168481,0.9800072767429968,0.1825147123261487
9,0.8,0.19999999999999996,0.7784221572225205,0.981915649165571,0.20349349194305044
10,0.8,0.19999999999999996,0.8312698588028177,0.9964328732247034,0.16516301442188575
11,0.8,0.19999999999999996,0.8149966008327298,1.0216878749712643,0.2066912741385345
12,0.8,0.19999999999999996,0.8448232449073967,0.9881585268185759,0.14333528191117917
13,0.8,0.19999999999999996,0.796925437222317,0.9903895860511591,0.1934641488288421
14,0.8,0.19999999999999996,0.75267041009372,1.0236388996642827,0.27096848957056263
15,0.8,0.19999999999999996,0.8241439879244894,1.0271953476500792,0.20305135972558985
16,0.8,0.19999999999999996,0.831673515626147,1.0160466524149356,0.18437313678878864
17,0.8,0.19999999999999996,0.8044237563307244,0.9998897082153263,0.19546595188460192
18,0.8,0.19999999999999996,0.8322865158922366,1.0048042049711814,0.17251768907894482
19,0.8,0.19999999999999996,0.8655145168970888,0.9892038453532679,0.12368932845617908
20,0.8,0.19999999999999996,0.8062841823975616,0.9463265405879531,0.14004235819039146
21,0.8,0.19999999999999996,0.76869292722117,0.976426378112959,0.20773345089178896
22,0.8,0.19999999999999996,0.8109756370519089,1.0153598051609372,0.20438416810902826
23,0.8,0.19999999999999996,0.7889875946686431,0.9687938897548395,0.1798062950861964
24,0.8,0.19999999999999996,0.8665265217168889,1.0012800007508633,0.1347534790339744
25,0.8,0.19999999999999996,0.8333785777100833,1.0439416883723633,0.21056311066228006
26,0.8,0.19999999999999996,0.8262446392872536,0.9820963796513642,0.15585174036411065
27,0.8,0.19999999999999996,0.8167141334704309,0.9698728091867466,0.1531586757163157
28,0.8,0.19999999999999996,0.7961927869535912,0.9961433389725679,0.1999505520189767
29,0.8,0.19999999999999996,0.8045715805872213,0.9702366858169664,0.1656651052297451
30,0.8,0.19999999999999996,0.8450247880982973,1.0205447189593242,0.1755199308610269
31,0.8,0.19999999999999996,0.8764167277220982,0.9496918888321515,0.07327516111005328
32,0.8,0.19999999999999996,0.774322627526639,0.9885209635827663,0.21419833605612726
33,0.8,0.19999999999999996,0.8579944511085482,0.9618145916540812,0.10382014054553301
34,0.8,0.19999999999999996,0.8145533438481474,1.023386489875157,0.20883314602700964
35,0.8,0.19999999999999996,0.875180651070629,0.9756224704651446,0.10044181939451557
36,0.8,0.19999999999999996,0.80670173221061,0.9562145915301326,0.14951285931952252
37,0.8,0.19999999999999996,0.8749164603766579,0.9819428858477319,0.107026425471074
38,0.8,0.19999999999999996,0.8225450884316259,0.9916105784571589,0.16906549002553306
39,0.8,0.19999999999999996,0.8133705760189103,0.9963971788539806,0.18302660283507033
40,0.8,0.19999999999999996,0.8239395820139626,0.9614868407315535,0.137547258717591
41,0.8,0.19999999999999996,0.773468717308685,0.9967450979117378,0.22327638060305277
42,0.8,0.19999999999999996,0.8351956023219783,0.9904568175397992,0.15526121521782088
43,0.8,0.19999999999999996,0.8514039638066588,1.0074835296179234,0.1560795658112646
44,0.8,0.19999999999999996,0.858609351416566,0.9474222862023082,0.08881293478574215
45,0.8,0.19999999999999996,0.8611312168706213,0.9908659617902733,0.12973474491965198
46,0.8,0.19999999999999996,0.8729469964721123,0.9811583780726448,0.10821138160053256
47,0.8,0.19999999999999996,0.8041384748606213,0.9992288677159058,0.1950903928552845
48,0.8,0.19999999999999996,0.7959982482429183,0.9734491384951632,0.17745089025224492
49,0.8,0.19999999999999996,0.8465637510305795,1.0244199815386388,0.17785623050805932
0,0.7,0.30000000000000004,0.8521885205732653,1.0025300240874677,0.1503415035142024
1,0.7,0.30000000000000004,0.7487686792472834,1.0229645298863077,0.2741958506390243
2,0.7,0.30000000000000004,0.8043604046963728,1.024603836005024,0.2202434313086512
3,0.7,0.30000000000000004,0.7316188686963133,0.9708250353191895,0.2392061666228762
4,0.7,0.30000000000000004,0.873540203872534,0.9536152709841195,0.08007506711158552
5,0.7,0.30000000000000004,0.8707327615405795,0.9495656922620761,0.07883293072149655
6,0.7,0.30000000000000004,0.859409681051716,0.9811220148605952,0.12171233380887925
7,0.7,0.30000000000000004,0.789305813106945,1.0227720250675862,0.2334662119606412
8,0.7,0.30000000000000004,0.9010831196791442,0.9802177837411912,0.07913466406204694
9,0.7,0.30000000000000004,0.9072260458486698,0.9767648452147706,0.06953879936610075
10,0.7,0.30000000000000004,0.8069488103406274,1.009575105449486,0.20262629510885855
11,0.7,0.30000000000000004,0.7995971770754882,1.0408223045158487,0.2412251274403605
12,0.7,0.30000000000000004,0.8361341187953598,0.9883109634482705,0.1521768446529107
13,0.7,0.30000000000000004,0.9278981046635011,1.0302312012004098,0.1023330965369087
14,0.7,0.30000000000000004,0.7935981340460679,0.9823134182580215,0.1887152842119536
15,0.7,0.30000000000000004,0.7406975181095519,0.982772568249462,0.24207505013991015
16,0.7,0.30000000000000004,0.8455951245564145,0.9895703512442735,0.143975226687859
17,0.7,0.30000000000000004,0.8620116638026607,0.9922279640534561,0.13021630025079545
18,0.7,0.30000000000000004,0.8419318771201967,1.0176773167732158,0.17574543965301914
19,0.7,0.30000000000000004,0.8225854670364536,1.015542079643763,0.19295661260730945
20,0.7,0.30000000000000004,0.7999108278505962,0.9874687385875887,0.18755791073699246
21,0.7,0.30000000000000004,0.7984163271649003,0.9945670544588492,0.1961507272939489
22,0.7,0.30000000000000004,0.8996104370088759,1.0292193158707283,0.12960887886185246
23,0.7,0.30000000000000004,0.797723968508915,0.9942682346288325,0.1965442661199175
24,0.7,0.30000000000000004,0.8562941724148869,0.9804306384631356,0.12413646604824868
25,0.7,0.30000000000000004,0.7431029819457833,0.9980693985647241,0.2549664166189408
26,0.7,0.30000000000000004,0.8271884000659564,1.005458187385286,0.17826978731932952
27,0.7,0.30000000000000004,0.7804327335478285,0.9984206794261375,0.21798794587830905
28,0.7,0.30000000000000004,0.7938351045984932,0.9854867398119752,0.19165163521348205
29,0.7,0.30000000000000004,0.918130290812293,0.9989071712907951,0.08077688047850207
30,0.7,0.30000000000000004,0.8875765840644583,0.9710819064515278,0.08350532238706954
31,0.7,0.30000000000000004,0.7956857921270037,0.9641178928263854,0.16843210069938164
32,0.7,0.30000000000000004,0.7591184012609515,1.0199399661105657,0.26082156484961416
33,0.7,0.30000000000000004,0.811287652462484,0.9799253250296094,0.16863767256712536
34,0.7,0.30000000000000004,0.8822495558386216,0.9823225261097883,0.10007297027116668
35,0.7,0.30000000000000004,0.8398047057574072,0.9616154560591295,0.12181075030172228
36,0.7,0.30000000000000004,0.8568566215331763,0.9839396237299836,0.12708300219680724
37,0.7,0.30000000000000004,0.8008290952530692,1.00649982714446,0.20567073189139085
38,0.7,0.30000000000000004,0.844637913395794,1.0018576875478096,0.1572197741520156
39,0.7,0.30000000000000004,0.7749277534383499,0.971342721778975,0.1964149683406251
40,0.7,0.30000000000000004,0.8460187035314644,0.9996461880497759,0.15362748451831154
41,0.7,0.30000000000000004,0.8757736286814712,1.0187241797768478,0.14295055109537658
42,0.7,0.30000000000000004,0.8146076193449295,0.9771194049143125,0.16251178556938295
43,0.7,0.30000000000000004,0.9573691001836211,1.0157134909790315,0.05834439079541043
44,0.7,0.30000000000000004,0.8683562468682233,0.9666490179736755,0.0982927711054522
45,0.7,0.30000000000000004,0.8256589225295508,1.0285888597437458,0.20292993721419506
46,0.7,0.30000000000000004,0.8924012029633223,1.0011522494535194,0.10875104649019718
47,0.7,0.30000000000000004,0.7689338617362697,0.9848809712627502,0.21594710952648055
48,0.7,0.30000000000000004,0.8089948681109141,0.9725329833751757,0.16353811526426154
49,0.7,0.30000000000000004,0.9167085422314201,0.9918712864211386,0.07516274418971858
0,0.6,0.4,0.8420598994740909,0.9921370401042118,0.1500771406301209
1,0.6,0.4,0.8413459592428643,0.9375576129562004,0.09621165371333618
2,0.6,0.4,0.8585427631548352,1.0036662328450157,0.14512346969018042
3,0.6,0.4,0.8897077741371364,0.9568980579693576,0.06719028383222114
4,0.6,0.4,0.8223919187290637,0.9975605520114446,0.17516863328238086
5,0.6,0.4,0.9100194900271361,0.9871046540205464,0.07708516399341026
6,0.6,0.4,0.8928664517206031,1.0029275874524077,0.11006113573180465
7,0.6,0.4,0.8407633989636184,0.956854360624907,0.11609096166128863
8,0.6,0.4,0.859043118510301,0.985022391381064,0.12597927287076294
9,0.6,0.4,0.9065504326060638,0.9857156471363763,0.07916521453031244
10,0.6,0.4,0.9484383267870982,0.9679423204969144,0.01950399370981626
11,0.6,0.4,0.9346472874301119,1.0032882822517968,0.06864099482168484
12,0.6,0.4,0.8599884733540111,0.9866366935047983,0.12664822015078725
13,0.6,0.4,0.8381236323539053,1.0055806007922743,0.167456968438369
14,0.6,0.4,0.9001331236737528,1.0070555096691087,0.10692238599535597
15,0.6,0.4,0.9303803047189514,0.9756540351617757,0.045273730442824345
16,0.6,0.4,0.7840639013521011,0.9808899350906874,0.19682603373858631
17,0.6,0.4,0.9990791706775752,1.0345140846133658,0.03543491393579057
18,0.6,0.4,0.8948396687487963,1.0364672076997707,0.14162753895097446
19,0.6,0.4,0.8362288085351712,0.9950130824843579,0.1587842739491867
20,0.6,0.4,0.8314301734218248,1.0110819992382016,0.17965182581637684
21,0.6,0.4,0.867289232548385,0.9720482567776922,0.10475902422930727
22,0.6,0.4,0.7803617485489727,0.9914186959947822,0.2110569474458095
23,0.6,0.4,0.7604258845500835,0.979429192814816,0.21900330826473247
24,0.6,0.4,0.8957208457509999,1.0057704904018163,0.11004964465081646
25,0.6,0.4,0.9360685699375307,0.9916297677707657,0.05556119783323499
26,0.6,0.4,0.7649982237214239,1.000799021251781,0.2358007975303571
27,0.6,0.4,0.8125712797288067,0.9862353891715925,0.17366410944278576
28,0.6,0.4,0.873353755500936,0.9824778971604977,0.10912414165956175
29,0.6,0.4,0.8323765438934696,0.966821572698289,0.13444502880481934
30,0.6,0.4,0.8872272760856073,0.9864342310633984,0.0992069549777912
31,0.6,0.4,0.8778824504664189,0.9818230144847482,0.1039405640183293
32,0.6,0.4,0.9009165356027378,0.9753615629110293,0.0744450273082915
33,0.6,0.4,0.95361240783104,0.999609745981727,0.04599733815068707
34,0.6,0.4,0.9503119987700201,0.9714134721277338,0.021101473357713618
35,0.6,0.4,0.9155274320662183,1.002355132045392,0.08682769997917372
36,0.6,0.4,0.8077572070979536,1.0082943970579377,0.20053718995998404
37,0.6,0.4,0.8586780130420816,0.9354972724475501,0.07681925940546852
38,0.6,0.4,0.9226027335608733,0.95242966330749,0.029826929746616715
39,0.6,0.4,0.8975408922973727,0.9916053929928451,0.09406450069547245
40,0.6,0.4,0.7667642027001496,0.9930643979006977,0.22630019520054812
41,0.6,0.4,0.9249433425181983,0.9655172819161603,0.040573939397961944
42,0.6,0.4,0.8436740932398364,0.9874088913831425,0.14373479814330603
43,0.6,0.4,0.8399541717074962,0.9611518863853774,0.12119771467788121
44,0.6,0.4,0.865995539344237,0.9951744590516061,0.12917891970736906
45,0.6,0.4,0.9443795209246044,0.9851144992544139,0.040734978329809435
46,0.6,0.4,0.8499278378861278,1.0031616119704798,0.15323377408435201
47,0.6,0.4,0.8702872362340344,0.9846811943303508,0.11439395809631647
48,0.6,0.4,0.8063039683454344,0.9959567839571837,0.1896528156117493
49,0.6,0.4,0.8790203886329812,0.9919341126075147,0.11291372397453359
0,0.5,0.5,0.9272684272411824,0.966054101333813,0.03878567409263056
1,0.5,0.5,0.9341808244990157,1.0288809738544908,0.0947001493554751
2,0.5,0.5,0.8848637834682658,1.0075883254834834,0.12272454201521765
3,0.5,0.5,0.8990670094263833,1.0047154001991287,0.10564839077274546
4,0.5,0.5,0.8610095233824664,1.0152866462044654,0.154277122821999
5,0.5,0.5,0.9493331402769993,0.9876206277413376,0.0382874874643383
6,0.5,0.5,0.9184604233831966,0.9998137413282854,0.08135331794508882
7,0.5,0.5,0.9646216500030422,0.9570563777686791,-0.007565272234363096
8,0.5,0.5,0.9856655042265124,1.021338100391888,0.03567259616537555
9,0.5,0.5,0.9340128167795461,0.9585988129695402,0.02458599618999413
10,0.5,0.5,0.894897147749282,1.0310650172337108,0.13616786948442883
11,0.5,0.5,0.8909909779446301,1.0050386269476548,0.11404764900302466
12,0.5,0.5,0.9164833485160266,1.0133492712446293,0.09686592272860262
13,0.5,0.5,0.9071863281304537,1.0150802263341245,0.10789389820367079
14,0.5,0.5,0.8915445232549143,1.0120480320607457,0.12050350880583138
15,0.5,0.5,0.8965467131411557,1.000869468960746,0.10432275581959027
16,0.5,0.5,0.8447124210742916,1.001017817734853,0.15630539666056142
17,0.5,0.5,0.8858633132593066,0.9390553749823184,0.05319206172301183
18,0.5,0.5,0.9474802058974476,1.0056647236464138,0.05818451774896616
19,0.5,0.5,0.8912601749570991,1.0035800683671066,0.11231989341000748
20,0.5,0.5,0.878814892126899,0.9901470770097855,0.11133218488288654
21,0.5,0.5,0.7466239778742974,0.9795188903336478,0.23289491245935046
22,0.5,0.5,0.8841041763997226,0.9776825071587665,0.09357833075904387
23,0.5,0.5,0.9068041834027576,0.9636419178981619,0.0568377344954043
24,0.5,0.5,0.8822551503122761,0.98877658733326,0.10652143702098393
25,0.5,0.5,0.8545533116957633,0.9717610321076952,0.11720772041193184
26,0.5,0.5,0.915090403144408,0.9614216424498188,0.04633123930541072
27,0.5,0.5,0.8492663930895601,0.9859371680879042,0.13667077499834412
28,0.5,0.5,0.8856644399069871,0.9981994256937807,0.11253498578679366
29,0.5,0.5,0.8469698910110365,1.0124915007581716,0.16552160974713515
30,0.5,0.5,0.8677435965359085,1.006914209638465,0.1391706131025564
31,0.5,0.5,0.9216264078391143,0.957117900335519,0.03549149249640471
32,0.5,0.5,0.9051592847964225,0.9570139655863703,0.051854680789947816
33,0.5,0.5,0.8732029791547564,1.028088636972043,0.15488565781728658
34,0.5,0.5,0.8711810066627068,0.9863222380437926,0.11514123138108578
35,0.5,0.5,0.8447445823282513,0.9883543394287151,0.14360975710046375
36,0.5,0.5,0.926124832097377,0.9699715085892566,0.04384667649187968
37,0.5,0.5,0.8210866353609108,0.9400346425567769,0.11894800719586618
38,0.5,0.5,0.9369796650945573,0.9640346006952973,0.027054935600740015
39,0.5,0.5,0.9144345799388895,1.0165508387491982,0.10211625881030861
40,0.5,0.5,0.8587315985027266,1.0101898197041659,0.15145822120143926
41,0.5,0.5,0.8700518953697661,0.9759691195004079,0.10591722413064175
42,0.5,0.5,0.8942361091019453,0.9678392698622433,0.07360316076029805
43,0.5,0.5,0.9028629589133479,0.98649154361883,0.08362858470548207
44,0.5,0.5,0.8947262608949564,1.0148165629024872,0.12009030200753079
45,0.5,0.5,0.9827435313901758,1.0300223166631,0.04727878527292417
46,0.5,0.5,0.9011771535534029,1.0260987232034844,0.1249215696500815
47,0.5,0.5,0.8392079147149032,0.9658876226165141,0.12667970790161087
48,0.5,0.5,0.8596289534482451,0.9665035497907597,0.10687459634251462
49,0.5,0.5,0.9174995501507377,0.999181929805592,0.08168237965485425
0,0.4,0.6,0.9237139316857432,0.9749937985446402,0.05127986685889696
1,0.4,0.6,0.8636285291062842,0.9707803648624258,0.10715183575614162
2,0.4,0.6,0.9068736475536365,1.0000521242259455,0.09317847667230894
3,0.4,0.6,0.8983040915327001,1.0263563962566602,0.12805230472396012
4,0.4,0.6,0.882954684004246,0.9704078835437229,0.08745319953947683
5,0.4,0.6,0.9491778746845201,1.0135041806447598,0.0643263059602397
6,0.4,0.6,0.9330301262206442,0.9844818466971165,0.051451720476472285
7,0.4,0.6,0.9329557645308616,0.9983308225217746,0.06537505799091303
8,0.4,0.6,0.9322882751271813,1.015997436573541,0.08370916144635965
9,0.4,0.6,0.9154216450240984,0.9744922011307829,0.059070556106684546
10,0.4,0.6,0.9111525050455833,0.971282236313397,0.060129731267813735
11,0.4,0.6,0.9738901238973432,0.977670845606931,0.0037807217095877643
12,0.4,0.6,0.9440326755225035,0.9833267022676209,0.039294026745117394
13,0.4,0.6,0.9051354980189376,1.0079662329459853,0.10283073492704775
14,0.4,0.6,0.9886951900776841,0.9732828253879195,-0.01541236468976459
15,0.4,0.6,0.9118561523851698,0.9848317611025021,0.07297560871733233
16,0.4,0.6,0.902039610520049,0.985610999973012,0.08357138945296305
17,0.4,0.6,0.9696509747460116,0.9488647653994892,-0.020786209346522422
18,0.4,0.6,0.9338351158887126,1.0369748570114101,0.10313974112269753
19,0.4,0.6,0.908353111389613,0.9979802388703609,0.08962712748074786
20,0.4,0.6,0.9422540561805075,0.977421583598735,0.035167527418227484
21,0.4,0.6,0.8706609082635922,1.0276630072122261,0.15700209894863393
22,0.4,0.6,0.8880302774901991,0.959931656086169,0.0719013785959699
23,0.4,0.6,0.8644528875787207,0.983944584585241,0.11949169700652029
24,0.4,0.6,0.9618197063984423,0.948162261638245,-0.013657444760197257
25,0.4,0.6,0.9135584166591121,0.999287239195871,0.08572882253675895
26,0.4,0.6,0.9653699722232751,0.9649486534813527,-0.00042131874192241625
27,0.4,0.6,0.9138056178037275,0.9829621881818067,0.06915657037807921
28,0.4,0.6,0.8912697491136928,0.9959685538640448,0.10469880475035198
29,0.4,0.6,0.852318797335172,0.9679860733707635,0.11566727603559146
30,0.4,0.6,0.9124507835919651,0.9877989335539559,0.0753481499619908
31,0.4,0.6,0.9564237474827253,1.0451399229294642,0.08871617544673893
32,0.4,0.6,0.8988342657804061,1.0053232317723415,0.10648896599193536
33,0.4,0.6,0.9099067008876786,0.920964800148788,0.011058099261109455
34,0.4,0.6,0.9196297452792077,0.9726044762117589,0.05297473093255123
35,0.4,0.6,0.9314409568204427,0.9737846834648787,0.042343726644435975
36,0.4,0.6,0.8942488589949076,1.0014346887544563,0.10718582975954871
37,0.4,0.6,0.9472983229218942,0.9922138440681132,0.044915521146218995
38,0.4,0.6,0.8874224263155559,0.979428608704464,0.09200618238890812
39,0.4,0.6,0.9076881679365582,0.984227664722112,0.07653949678555383
40,0.4,0.6,0.8889074737210332,0.9883445185584783,0.09943704483744509
41,0.4,0.6,0.8813998922541982,1.0244158742669547,0.14301598201275645
42,0.4,0.6,0.8683400967727326,0.9553617008463162,0.08702160407358361
43,0.4,0.6,0.9265986915218256,0.996353575552765,0.06975488403093943
44,0.4,0.6,0.8499585298904515,1.0131122385284694,0.16315370863801792
45,0.4,0.6,0.9388030002435577,0.9904745722589621,0.0516715720154044
46,0.4,0.6,0.8773856663810105,0.9657754746325711,0.08838980825156062
47,0.4,0.6,0.8985066904001393,0.9834681295875964,0.08496143918745713
48,0.4,0.6,0.9276276354198997,0.9376772852332362,0.010049649813336559
49,0.4,0.6,0.9000224205001799,0.9550554845366203,0.05503306403644037
0,0.3,0.7,0.8883551140321548,0.982911875023146,0.0945567609909912
1,0.3,0.7,0.9459672982163725,1.0223332617494765,0.07636596353310399
2,0.3,0.7,0.927232883961693,0.9653706600138747,0.038137776052181716
3,0.3,0.7,0.9175536100200843,0.9928092238967132,0.07525561387662894
4,0.3,0.7,0.9147114647775741,0.9664703781470974,0.05175891336952321
5,0.3,0.7,0.9357354058761096,1.0181651701058885,0.08242976422977888
6,0.3,0.7,0.9257075156258099,0.997520664862368,0.07181314923655813
7,0.3,0.7,0.9386656409887517,0.9968861184256006,0.05822047743684888
8,0.3,0.7,0.9787595160808411,1.00309652067981,0.024337004598968814
9,0.3,0.7,0.9573634321811377,1.022953201542892,0.0655897693617542
10,0.3,0.7,0.9304119404343014,1.0051118865936566,0.07469994615935516
11,0.3,0.7,0.9223000799095822,1.013036461682697,0.09073638177311483
12,0.3,0.7,0.9442884908756703,1.0101583524239612,0.06586986154829089
13,0.3,0.7,0.9607682359113086,1.0293207983197972,0.06855256240848862
14,0.3,0.7,0.8701355447590058,0.9648778397822053,0.09474229502319953
15,0.3,0.7,0.91889467019951,1.003496866278606,0.08460219607909591
16,0.3,0.7,0.8769414363099628,0.9989763587780502,0.12203492246808745
17,0.3,0.7,0.9019859283678022,0.9711982245036193,0.06921229613581703
18,0.3,0.7,0.9515807692777178,1.0228086891421426,0.07122791986442478
19,0.3,0.7,0.9759077559133397,0.9932232148934184,0.01731545898007869
20,0.3,0.7,0.9189747930873908,0.997823375403212,0.07884858231582115
21,0.3,0.7,0.9299631931696712,0.982732667064991,0.05276947389531972
22,0.3,0.7,0.9159855638689296,0.9937109160435047,0.0777253521745751
23,0.3,0.7,0.9662490599731219,1.0034077574917246,0.03715869751860268
24,0.3,0.7,0.9143301988930834,0.9687178586444378,0.0543876597513544
25,0.3,0.7,0.9482739968368495,0.987842527661998,0.03956853082514844
26,0.3,0.7,0.9266293295253205,0.9840432901711818,0.05741396064586124
27,0.3,0.7,0.937745163514794,0.9625404810463657,0.024795317531571714
28,0.3,0.7,0.9025532799688069,1.0046233354566694,0.10207005548786252
29,0.3,0.7,0.9162121638798959,0.9897863198985735,0.07357415601867756
30,0.3,0.7,0.8924807511197113,0.9948118599915714,0.10233110887186014
31,0.3,0.7,0.9063731549271077,0.9793380358364742,0.07296488090936648
32,0.3,0.7,0.9361204681820599,1.0144463697739554,0.07832590159189556
33,0.3,0.7,0.9311425651164373,0.9584000797541801,0.02725751463774273
34,0.3,0.7,0.930542512584522,0.9920216162076759,0.0614791036231539
35,0.3,0.7,0.9714432012139976,0.9566857233754529,-0.014757477838544752
36,0.3,0.7,0.915651062960827,0.980406246232693,0.06475518327186602
37,0.3,0.7,0.8925127150923354,0.9748692395593445,0.08235652446700903
38,0.3,0.7,0.907157461296527,0.9890403340067635,0.08188287271023653
39,0.3,0.7,0.882198375003284,0.9968663655398244,0.11466799053654042
40,0.3,0.7,0.898170864959553,1.0037155964216504,0.10554473146209742
41,0.3,0.7,0.9548640161229583,0.9896896233816677,0.03482560725870931
42,0.3,0.7,0.9249586621924024,0.9638928949279231,0.03893423273552066
43,0.3,0.7,0.9407808030789497,0.9992148394196524,0.058434036340702655
44,0.3,0.7,0.8997254464987441,0.9953509749511393,0.09562552845239525
45,0.3,0.7,0.9217726807322129,0.9953960480147939,0.07362336728258101
46,0.3,0.7,0.8745523761689453,0.9723025353345115,0.09775015916556618
47,0.3,0.7,0.8966750635169256,0.9801286857094158,0.0834536221924902
48,0.3,0.7,0.9406034472384501,1.0236144312291522,0.08301098399070206
49,0.3,0.7,0.9068817574957944,0.9973977750163876,0.09051601752059324
0,0.2,0.8,0.952712838704785,0.9596635525965251,0.006950713891740179
1,0.2,0.8,0.8835516012784612,1.001332810560818,0.11778120928235669
2,0.2,0.8,0.9022279480578258,0.9236407190436692,0.021412770985843377
3,0.2,0.8,0.9428880173949183,1.04753948817975,0.10465147078483161
4,0.2,0.8,0.9428202061016326,1.0326961688484042,0.08987596274677156
5,0.2,0.8,0.9613953154660211,0.9775496419660674,0.016154326500046334
6,0.2,0.8,0.9172383865314283,1.0067480273432312,0.0895096408118029
7,0.2,0.8,0.9465285940418944,0.9974601719344081,0.05093157789251368
8,0.2,0.8,0.9126491837040864,0.939380889452496,0.02673170574840955
9,0.2,0.8,0.9413733525183352,0.9863389856493101,0.0449656331309749
10,0.2,0.8,0.9546823544841618,0.9620457384345112,0.007363383950349411
11,0.2,0.8,0.9340113118680947,1.0088179099600056,0.07480659809191093
12,0.2,0.8,0.9340147884379352,1.0190097450627187,0.08499495662478351
13,0.2,0.8,0.9417513537873781,0.9774592957103563,0.035707941922978215
14,0.2,0.8,0.9191740565853884,1.0253790243956868,0.10620496781029842
15,0.2,0.8,0.9388390399641928,1.0022240066305965,0.0633849666664037
16,0.2,0.8,0.942095797914553,1.0117403275289512,0.06964452961439815
17,0.2,0.8,0.9312023082090588,0.9947381347026548,0.06353582649359601
18,0.2,0.8,0.9542067091652994,0.9649026677778352,0.010695958612535805
19,0.2,0.8,0.9462736639697626,0.9640121376846915,0.01773847371492887
20,0.2,0.8,0.8963966295010584,0.9869038647997771,0.09050723529871874
21,0.2,0.8,0.9276811128031164,0.9738369964574031,0.04615588365428669
22,0.2,0.8,0.9539774181723268,0.9688973040293665,0.014919885857039628
23,0.2,0.8,0.9705242478965446,1.0026349666755636,0.032110718779019054
24,0.2,0.8,0.9528485294111009,0.986161271282327,0.033312741871226126
25,0.2,0.8,0.9382457406185511,1.0076171816512667,0.06937144103271553
26,0.2,0.8,0.9492755178768567,0.9869196008515555,0.03764408297469879
27,0.2,0.8,0.978765611682746,1.004728991583551,0.025963379900804884
28,0.2,0.8,0.8874204683895591,0.9723090853462367,0.0848886169566776
29,0.2,0.8,0.9062878085462578,0.9908333645851513,0.08454555603889347
30,0.2,0.8,0.9808245194473839,0.9955076254930082,0.014683106045624283
31,0.2,0.8,0.9499689952392203,1.0091431798411614,0.05917418460194113
32,0.2,0.8,0.9317043667183669,1.0014752651376928,0.06977089841932593
33,0.2,0.8,0.9010685368396145,0.9840790876265343,0.08301055078691977
34,0.2,0.8,0.9385130098229373,1.0102550124396446,0.07174200261670727
35,0.2,0.8,0.947584821420376,0.9804586426436903,0.03287382122331428
36,0.2,0.8,0.9930535246966209,0.9867744906885613,-0.006279034008059625
37,0.2,0.8,0.889922587364846,0.9975536814644208,0.10763109409957483
38,0.2,0.8,0.9253765587450191,1.0069732408160912,0.08159668207107207
39,0.2,0.8,0.9397111586013164,0.9581313105182647,0.018420151916948346
40,0.2,0.8,0.9643898081600952,0.9866263554227426,0.022236547262647344
41,0.2,0.8,0.9347724106630244,0.9923765773176484,0.05760416665462398
42,0.2,0.8,0.96538222646241,0.9963999624170065,0.031017735954596448
43,0.2,0.8,0.8844168027299901,0.9936400845802885,0.10922328185029839
44,0.2,0.8,0.9199563054555147,0.991382450219243,0.07142614476372833
45,0.2,0.8,0.953608413812248,1.010355204006141,0.05674679019389295
46,0.2,0.8,0.9920259544062497,1.0214053063714408,0.029379351965191036
47,0.2,0.8,0.9600105908027741,0.9641486013826949,0.004138010579920803
48,0.2,0.8,0.9209039179535268,0.9946148698379882,0.07371095188446142
49,0.2,0.8,0.9516877310672447,0.9846471542307744,0.03295942316352973
0,0.1,0.9,0.979939678910096,0.9985465767935124,0.018606897883416407
1,0.1,0.9,0.966774607484427,0.9760107897930526,0.009236182308625551
2,0.1,0.9,0.9495097429040174,0.9684624662050441,0.018952723301026708
3,0.1,0.9,0.9972285060424824,1.0114756744658386,0.014247168423356271
4,0.1,0.9,0.9629086274539131,0.9575447528839408,-0.005363874569972338
5,0.1,0.9,0.9477611957514791,0.9742279638655813,0.0264667681141022
6,0.1,0.9,0.9952482340578362,0.9966397227484527,0.0013914886906164492
7,0.1,0.9,0.9772340799937387,0.9861448524245314,0.008910772430792746
8,0.1,0.9,0.966181344598112,0.9788775917531285,0.012696247155016493
9,0.1,0.9,0.971925192531388,0.9909545168095947,0.019029324278206694
10,0.1,0.9,0.987832382259596,0.9861629171433748,-0.001669465116221236
11,0.1,0.9,0.9703170825974983,0.970613988308326,0.000296905710827744
12,0.1,0.9,0.9918012472482374,1.0086063299586439,0.016805082710406483
13,0.1,0.9,0.9475627126105026,0.9676309649415094,0.02006825233100673
14,0.1,0.9,1.0001741855676713,0.9743704143669936,-0.025803771200677783
15,0.1,0.9,0.985235809074214,0.966732349323908,-0.018503459750306095
16,0.1,0.9,0.9238037899515295,0.9711288244891436,0.04732503453761416
17,0.1,0.9,1.0087200856621499,1.00086136813476,-0.007858717527389869
18,0.1,0.9,0.9428572310545348,0.9835502942970775,0.04069306324254274
19,0.1,0.9,0.9672357822266167,0.990968861069222,0.023733078842605337
20,0.1,0.9,0.9760500983119291,0.9919686398893641,0.015918541577434997
21,0.1,0.9,0.9651534963186874,0.9666519625692873,0.0014984662505999058
22,0.1,0.9,0.9470524900961637,0.981727065553078,0.034674575456914325
23,0.1,0.9,0.9371866498439504,0.9376904310781928,0.0005037812342424397
24,0.1,0.9,0.9939373324156273,0.9810194487117615,-0.012917883703865818
25,0.1,0.9,0.9836897423413682,0.9657684316218195,-0.017921310719548722
26,0.1,0.9,1.036293952368395,0.9947602710596332,-0.04153368130876178
27,0.1,0.9,0.9531884071009291,0.9975042315000037,0.044315824399074555
28,0.1,0.9,0.9444916544133553,0.9818547256158427,0.0373630712024875
29,0.1,0.9,1.0100114265001618,0.9928453635119927,-0.01716606298816914
30,0.1,0.9,0.9810860558189847,1.0135224668351994,0.03243641101621475
31,0.1,0.9,0.9790079130720095,0.9826596139804161,0.0036517009084066077
32,0.1,0.9,0.9406637061352576,0.9937961000480744,0.05313239391281677
33,0.1,0.9,0.9766039019980017,1.0070556727708961,0.030451770772894404
34,0.1,0.9,1.001136225660845,0.9906154661569648,-0.010520759503880095
35,0.1,0.9,0.9584342100178374,0.9770104744616711,0.018576264443833757
36,0.1,0.9,0.9911475161094059,1.0074759400547557,0.016328423945349835
37,0.1,0.9,0.9766780770683222,0.9904840817573971,0.013806004689074891
38,0.1,0.9,0.9603507668021068,0.9917886446908905,0.031437877888783605
39,0.1,0.9,1.0209392794663361,1.0340439897161877,0.013104710249851603
40,0.1,0.9,0.9773730701290395,1.0031198881954801,0.025746818066440635
41,0.1,0.9,0.93413726262861,0.9506487310067657,0.016511468378155758
42,0.1,0.9,0.9851287948787097,1.0045113199409315,0.01938252506222171
43,0.1,0.9,0.9411931420290791,0.9731267643615358,0.03193362233245667
44,0.1,0.9,0.9702114623861147,0.9912958636131333,0.0210844012270186
45,0.1,0.9,0.9814478522728309,1.0024664842506474,0.021018631977816504
46,0.1,0.9,0.9546223492321573,0.9795078017011314,0.024885452468974112
47,0.1,0.9,0.9884521328137156,1.034184629335996,0.0457324965222804
48,0.1,0.9,0.9581362654925462,0.9942186260310234,0.03608236053847724
49,0.1,0.9,0.9281479532796953,0.9871377043980354,0.05898975111834004
0,0.0,1.0,1.0119909580882505,1.0124757473584238,0.00048478927017336915
1,0.0,1.0,0.9854992233176161,0.9915251694807097,0.006025946163093598
2,0.0,1.0,0.9753479143881547,0.972673275665787,-0.002674638722367728
3,0.0,1.0,0.9797819915117627,0.9909873533369131,0.011205361825150417
4,0.0,1.0,1.015959887327957,1.0169579347758058,0.0009980474478488155
5,0.0,1.0,1.015730482353125,1.0142070864515906,-0.0015233959015343856
6,0.0,1.0,0.9897577796611026,0.9830700221010458,-0.006687757560056795
7,0.0,1.0,0.9981790970582327,0.9937938272477456,-0.004385269810487147
8,0.0,1.0,0.9775326670602236,0.9855747923609655,0.008042125300741887
9,0.0,1.0,0.9609613678733112,0.9644701420754054,0.003508774202094167
10,0.0,1.0,0.9822568696612692,0.9741160473416317,-0.00814082231963753
11,0.0,1.0,0.9740690631080304,0.9808643663833474,0.006795303275316966
12,0.0,1.0,0.9751519033255192,0.9827362824142354,0.007584379088716231
13,0.0,1.0,1.0149218930820552,1.01223378811006,-0.00268810497199512
14,0.0,1.0,0.9956970465201919,0.9938988599297818,-0.001798186590410089
15,0.0,1.0,1.011703936651294,1.0130135330217347,0.001309596370440591
16,0.0,1.0,0.9958652834350548,0.9966113966124205,0.0007461131773657259
17,0.0,1.0,1.0110303204451934,1.0067471179936125,-0.00428320245158087
18,0.0,1.0,1.0015924114080768,1.0021206924285726,0.0005282810204958466
19,0.0,1.0,0.9833461595916406,0.9742534232966533,-0.009092736294987303
20,0.0,1.0,0.9943454690994926,0.9939279309567832,-0.00041753814270939493
21,0.0,1.0,1.0084495637417246,1.0083002929168137,-0.0001492708249108965
22,0.0,1.0,0.9951420238849582,0.9918573494732081,-0.003284674411750066
23,0.0,1.0,1.0097339963022112,1.0061789818047169,-0.003555014497494291
24,0.0,1.0,0.9878200737657894,0.9965555821355432,0.008735508369753786
25,0.0,1.0,1.0031982190320852,1.000703028156169,-0.002495190875916098
26,0.0,1.0,0.9871302020873771,0.9850460113185673,-0.002084190768809835
27,0.0,1.0,0.9943994338717166,0.9852520242376475,-0.009147409634069126
28,0.0,1.0,1.0033649371056947,1.0036426470601314,0.0002777099544366557
29,0.0,1.0,0.9712609781150439,0.9738484202242227,0.002587442109178828
30,0.0,1.0,0.9998192220450846,0.9913464751012869,-0.008472746943797627
31,0.0,1.0,0.9959432424935234,0.9949799491486271,-0.0009632933448963099
32,0.0,1.0,0.993427719030793,0.989788079745278,-0.0036396392855149173
33,0.0,1.0,1.0057712058327781,1.0103448396086978,0.004573633775919683
34,0.0,1.0,1.0081123581899827,1.0135104914795725,0.005398133289589824
35,0.0,1.0,0.9860944613074851,0.9926129011731635,0.006518439865678349
36,0.0,1.0,0.9989478302889014,0.9940381971994408,-0.0049096330894606854
37,0.0,1.0,0.9509648981559884,0.9532702853844113,0.002305387228422884
38,0.0,1.0,0.9799768422823618,0.9806562255940028,0.0006793833116409687
39,0.0,1.0,1.0151375026686513,1.0152119604041152,7.445773546388423e-05
40,0.0,1.0,0.9853098843457941,0.9863757287996684,0.001065844453874254
41,0.0,1.0,1.0159078471421794,1.0206134803970084,0.004705633254828978
42,0.0,1.0,0.9713559393764954,0.9820653630310472,0.010709423654551742
43,0.0,1.0,1.0198244167930772,1.0183572658624844,-0.0014671509305927977
44,0.0,1.0,0.9962395742186406,0.9962405340913624,9.598727217507985e-07
45,0.0,1.0,1.0203811479267677,1.0199345002467157,-0.0004466476800519814
46,0.0,1.0,0.9721705162302405,0.9719195679212034,-0.0002509483090371578
47,0.0,1.0,0.9979584653065137,1.006129586110462,0.008171120803948329
48,0.0,1.0,0.9540592859807187,0.95136049565968,-0.002698790321038702
49,0.0,1.0,1.008496490582445,1.0043177461159627,-0.004178744466482254
