source_id,ra,dec,parallax,parallax_error,pmra,pmra_error,pmdec,pmdec_error,ruwe,astrometric_excess_noise,visibility_periods_used,phot_g_mean_mag,bp_rp,phot_bp_mean_mag,phot_rp_mean_mag,phot_bp_rp_excess_factor,radial_velocity,radial_velocity_error,duplicated_source,teff_gspphot,plx_snr,pm_tot,vt_kms,log_ruwe,log_noise,tension_score,in_nss_orbit,in_nss_accel,in_any_nss,pct_bin,distance_pc,M_G,gal_l,gal_b,anomaly_class,NUV,NUV_G
3227308623164447616,76.02629554987988,-0.6496952551542376,20.63125928831204,0.017365439,60.5836094401052,0.016131522,-143.7115845086944,0.011470742,0.96574366,0.088109784,19,8.421078,0.88895226,8.778972,7.8900194,1.2080609,-40.581142,0.12813714,False,5549.893,1188.064376047295,155.95958853110255,35.83502782415585,-0.015138133,0.036672693,0.021534558,False,False,False,Bottom 50%,48.470138735860736,4.993706685981568,200.5597369942134,-24.009006266729926,Below Top 5% Threshold,,
3792415822690670720,173.31939698988427,-3.402822435008116,28.76330811691302,0.019133683,-119.63819035656196,0.025010144,-118.2972851799843,0.013193316,0.9459076,0.06299816,12,10.514325,1.879118,11.442138,9.56302,1.3195227,4.8080983,0.18670467,False,,1503.2812906360664,168.24845994168115,27.728965446459224,-0.024151288,0.02653252,0.0023812316,False,False,False,Bottom 50%,34.76651558768351,7.80851916764657,268.21032752912896,54.114276105350825,Below Top 5% Threshold,19.948999404907227,9.434674404907227
1240498331609669120,216.3761343789239,20.587574701543083,22.878308907626188,0.017852917,133.2338738904208,0.014993161,-581.3437423177572,0.014902322,0.8755754,0.10588413,19,7.1206465,0.76977444,7.4168153,6.647041,1.20319,-48.550552,0.12074112,False,5750.916,1281.4885380233643,596.4158045222003,123.57955477736006,-0.057706438,0.043709606,-0.013996832,False,False,False,Bottom 50%,43.70952433755552,3.9177660981510174,21.07020415952402,67.56202321125173,Below Top 5% Threshold,,
5465407461108449408,151.1424673333433,-29.07071407313134,26.32310371413296,0.0148067,25.875786696882138,0.016113058,-25.42322756981669,0.0144532425,0.9827072,0.07762448,16,10.314717,1.5836172,11.061931,9.478313,1.2738433,-7.8175836,0.23749222,False,4204.681,1777.7832888117885,36.27529237992755,6.532737823615696,-0.0075758607,0.032467432,0.024891572,False,False,False,Bottom 50%,37.9894411715248,7.416402474567559,264.38323828423574,21.04339350375809,Below Top 5% Threshold,,
2767384425386994048,0.3037099980467239,13.972781783641963,27.71179805226479,0.019945703,26.55170271324011,0.022161389,149.687732186206,0.018032238,1.0332841,0.08579334,16,10.45141,1.8283396,11.344791,9.516452,1.3143582,-10.254606,0.163111,False,,1389.3617803998948,152.024373322246,26.00578207317045,0.014219733,0.03574719,0.049966924,False,False,False,Bottom 50%,36.08571331654438,7.6647335272949135,104.86808021214968,-47.12982452295269,Below Top 5% Threshold,19.85700035095215,9.40559035095215
2209478481561200256,353.525869320054,65.54146794109782,22.40855658281181,0.010761699,47.73234340080441,0.012925331,142.32595532531474,0.010766727,0.86611146,0.04383735,28,9.299183,1.1178503,9.776419,8.658568,1.2266552,-45.490093,0.16614616,False,4871.2314,2082.250877947596,150.11680174382815,31.75680649187405,-0.062426217,0.018632816,-0.043793403,False,False,False,Bottom 50%,44.62581051592752,6.051252414690271,115.03533523214423,3.862288047119726,Below Top 5% Threshold,,
3413174741644826112,73.27041649189599,22.234576125318625,37.83675333064829,0.023046609,146.82772172241465,0.026516581,-133.02521643512415,0.017358841,0.94366467,0.0965079,17,8.4831295,1.2255216,9.01958,7.7940583,1.236512,26.243473,0.13090168,True,4677.404,1641.7492615601764,198.12644466049065,24.822755243086384,-0.025182305,0.040011767,0.014829462,False,False,False,Bottom 50%,26.42932894535605,6.37269881847477,178.82190945191152,-13.54646266353545,Below Top 5% Threshold,16.305999755859375,7.822870255859375
4440448734652648064,247.80746273435687,8.820651890949561,26.34480915554996,0.016040519,-45.156830426528494,0.015197249,-1.861401121038828,0.012576707,1.0116943,0.0868465,20,8.695353,1.0793486,9.153532,8.074183,1.22145,-29.931765,0.14261429,False,4989.4194,1642.3913311543631,45.19517837450865,8.13239473339941,0.0050493083,0.0361682,0.041217506,False,False,False,Bottom 50%,37.95814173849629,5.798828284236244,24.33409218380428,35.10062405343781,Below Top 5% Threshold,15.800000190734863,7.1046471907348625
6810899936168987392,324.5364375189577,-27.25792440594861,23.09810094508713,0.017247038,26.772092493831657,0.01774571,126.9239841894806,0.012466229,0.8365677,0.054300845,19,9.937338,1.2672997,10.496281,9.228981,1.2416704,-18.572905,0.1555663,False,4564.2705,1339.2503104517295,129.7167787875948,26.62203701512613,-0.077498905,0.02296453,-0.054534376,False,False,False,Bottom 50%,43.29360246443533,6.75521937500775,21.18370526205551,-47.29911139350695,Below Top 5% Threshold,,
6447036461541073920,297.70173036402304,-59.1880876970216,26.95488937922796,0.017678391,-96.69637242030656,0.016983427,-570.5412514577148,0.013067601,1.041728,0.08646537,20,8.831468,1.0562105,9.273088,8.216878,1.2242517,124.08175,0.15845124,False,4947.7085,1524.736560696805,578.6773782118859,101.77013574413228,0.017754346,0.036015883,0.05377023,False,False,False,Bottom 50%,37.09902073538548,5.984655769287482,338.030415363424,-30.5572172383966,Below Top 5% Threshold,,
5599698031766065280,115.32174220586369,-29.35871065980849,33.03458521973331,0.012452145,-155.3256190355566,0.010940909,73.66958469724392,0.012812982,1.0319765,0.072459124,25,10.0642,1.7271099,10.89774,9.17063,1.2951574,31.506283,0.175035,False,4050.3757,2652.923246206216,171.91060362363706,24.669208156817955,0.013669792,0.030380739,0.04405053,False,False,False,Bottom 50%,30.27130485666419,7.659044291015778,244.46072876803655,-3.219870588163424,Below Top 5% Threshold,,
5825574004019538048,237.14577835818807,-65.23456893962774,29.99367019681798,0.021943096,-298.13474980124874,0.008340882,-268.3148896463893,0.018075356,1.1693704,0.14220464,25,8.267511,1.0834947,8.718037,7.634542,1.2329655,-59.208504,0.1359391,False,4968.965,1366.8841488507717,401.0950124908152,63.392671233147446,0.067952104,0.057743922,0.12569603,False,False,False,50-90%,33.34036793223424,5.652659058824209,320.1324655465438,-8.462406830407463,Below Top 5% Threshold,,
1534403699588778240,188.89308113634152,41.73729349762504,28.33222528591489,0.01677838,-304.42641471827415,0.0128948735,149.38268209898507,0.014280732,1.1781746,0.12212851,24,11.01081,1.8355026,11.912179,10.076676,1.3112664,28.490501,0.22021198,False,,1688.615100410331,339.10268015648165,56.73772765743726,0.07120966,0.05004259,0.12125225,False,False,False,Bottom 50%,35.2954979677202,8.272213432333842,134.46129304000198,75.03387769027823,Below Top 5% Threshold,,
4137734865485308800,260.6786270878615,-14.961333757276634,32.687913639659484,0.014665606,-99.76190960598736,0.017989239,-222.43447109516245,0.011726787,0.9099174,0.061977345,18,10.269148,1.7679749,11.127252,9.359277,1.3021308,-84.839035,0.20071287,False,,2228.8825076531643,243.78173134920888,35.35373951205235,-0.040998023,0.026115268,-0.014882755,False,False,False,Bottom 50%,30.59234709879811,7.841084009494222,9.05102077897561,11.940048350294518,Below Top 5% Threshold,19.92300033569336,9.65385233569336
2993823141410981760,91.65131839530842,-15.132218755887235,25.64325574438716,0.01657973,-66.3971766946541,0.0146004455,12.1567866554834,0.017973157,0.96344995,0.0912978,20,8.652673,1.0181389,9.077243,8.059104,1.2176795,10.610252,0.41290444,False,,1546.6630077645225,67.50090765914231,12.478369787384484,-0.016170839,0.03794326,0.02177242,False,False,False,Bottom 50%,38.99660830777627,5.6975388183638245,221.7426017101509,-16.620168362472224,Below Top 5% Threshold,,
5343936233991963392,176.4649687826957,-55.3460411134152,23.99248821147893,0.011974058,-98.94057260423396,0.011828683,-5.27216274119923,0.012026201,0.9595162,0.061096184,27,9.8298435,1.452363,10.491899,9.0395355,1.2657727,13.199974,3.4624336,False,4264.209,2003.705676310578,99.08093967672784,19.576553209875925,-0.017947676,0.025754755,0.0078070797,False,False,False,Bottom 50%,41.67971204927222,6.730219950443345,293.6391519892693,6.338084202409085,Below Top 5% Threshold,,
5393078837456109952,163.01202739169025,-41.53105435884476,22.309353596407654,0.01351814,-42.56769769504916,0.007935665,56.87446775827478,0.01229962,1.0748358,0.077693194,24,9.256307,1.1051941,9.727031,8.621837,1.2251807,-2.0984223,0.13097863,False,,1650.3271943152097,71.04022782792951,15.095196163177594,0.031342115,0.032495152,0.06383727,False,False,False,Bottom 50%,44.82424807507754,5.998741934883956,280.1283105068126,15.99409272685483,Below Top 5% Threshold,,
2229760927740212480,337.2453022983694,71.68093282395884,20.32765442423881,0.011169919,161.58541573812684,0.0122427605,56.46262998149067,0.012207221,0.8617641,0.063835464,26,8.927215,0.883728,9.280894,8.397166,1.209451,7.25696,0.17599633,False,5423.229,1819.8569537429355,171.1662208605717,39.91647624801151,-0.064611614,0.026874479,-0.037737135,False,False,False,Bottom 50%,49.19406730997918,5.467651344892332,112.15302519318377,11.85678037331842,Below Top 5% Threshold,,
5068141437406414336,35.496742245423505,-29.35284765807822,24.04699298453524,0.018943675,28.62364867655198,0.01960877,-172.130648011971,0.019341093,0.87505305,0.088157125,20,7.7485085,0.80804396,8.064249,7.256205,1.204637,45.128567,0.12580022,False,5708.95,1269.3943049183008,174.4943358638891,34.39869445899776,-0.057965618,0.036691632,-0.021273986,False,False,False,Bottom 50%,41.58524105875133,4.653812383409633,224.6255097466455,-69.96511963685053,Below Top 5% Threshold,,
489354627951530624,65.93476894745366,65.99091090618106,22.015038315431365,0.016836682,-56.23340607422351,0.009548896,-56.65692156051525,0.015357855,1.151457,0.11880018,23,8.927608,1.0692511,9.373991,8.30474,1.2278117,15.760652,0.15745729,False,4992.3594,1307.5639177598032,79.82607794087654,17.188847108712032,0.061247706,0.04875252,0.11000022,False,False,False,Bottom 50%,45.4234957792035,5.641205228256835,142.31659798759324,11.477531471387993,Below Top 5% Threshold,,
2352443855348067584,15.615470955151627,-21.609666558006577,30.860065866366973,0.018270316,231.0774616794122,0.021446599,-33.628618339946506,0.024382968,0.9324343,0.068577096,16,10.156162,1.7092085,10.974213,9.265004,1.2978665,15.439602,0.18754423,False,,1689.0822544015834,233.511621268951,35.87013845240186,-0.03038175,0.028805843,-0.0015759077,False,False,False,Bottom 50%,32.404337836811166,7.603146243335776,147.97498227933525,-83.93789732749413,Below Top 5% Threshold,,
4506124621465681536,284.77397950632314,13.621689416772112,20.931560008610425,0.07416277,14.852509599213722,0.07700003,-124.52667066850428,0.080845036,1.0063208,0.52744067,16,5.117089,0.7241459,5.402442,4.678296,1.188171,15.128119,0.1293178,False,,282.2381235536006,125.4092849400588,28.40203753257029,0.0027364641,0.18396434,0.1867008,False,False,False,50-90%,47.77474777745372,1.7210969854305986,45.94072484827343,4.5019052550996745,Below Top 5% Threshold,,
2157065273362367488,280.2555752249109,62.43540536964913,29.001124726329675,0.0102231195,101.83281768924566,0.014374863,-64.97473737906844,0.012999803,0.9836987,0.0712995,26,10.123015,1.5956154,10.877083,9.281467,1.2758689,-2.4577894,0.17513819,False,,2836.8175360352147,120.79585777670547,19.745066624773276,-0.0071378914,0.029910924,0.022773033,False,False,False,Bottom 50%,34.48142130474393,7.43508920552352,92.2586136093606,25.02004396644792,Below Top 5% Threshold,,
4922510057156118400,0.1346271192955446,-56.83624690836059,22.142690515348548,0.013511891,-44.90741955335684,0.012934428,-145.4398113865236,0.013036017,1.106912,0.1045414,27,10.284287,1.4177322,10.931807,9.514074,1.2551011,11.540516,0.16053703,False,4463.0645,1638.7559121209424,152.21502904473255,32.58731264999235,0.044113103,0.043182008,0.087295115,False,False,False,Bottom 50%,45.16163016896409,7.010438950142801,316.4368615182516,-58.93748245594438,Below Top 5% Threshold,19.268999099731445,8.984712099731444
1173847139324624256,223.0433895526392,9.098892591310705,20.09357736590265,0.018145945,14.897587667878597,0.016641134,-137.3806195351666,0.016397474,1.0934865,0.085913025,14,9.811841,1.2374372,10.357304,9.119866,1.2349797,18.92235,0.20150101,False,4649.595,1107.33155264095,138.18600776557778,32.600796379050415,0.038813446,0.035795055,0.074608505,False,False,False,Bottom 50%,49.76714607807606,6.327127316882747,6.345386494440085,56.27875138130345,Below Top 5% Threshold,,
248004472671505152,53.308984280240246,46.25450474632456,27.48085387139924,0.015828872,68.90232736097906,0.014599973,-172.5846849639144,0.014564991,0.9872436,0.06028407,17,10.496969,1.7146101,11.304553,9.589943,1.3152547,-14.268187,8.324891,False,4071.9795,1736.1220495448129,185.83057929160395,32.055928477946374,-0.005575676,0.025422215,0.01984654,False,False,False,Bottom 50%,36.38897119717056,7.692120113894576,149.8677080245774,-7.983362285281481,Below Top 5% Threshold,,
6447055599914866816,299.23242605885514,-59.28541435422129,24.963237222846065,0.014707851,121.75419820339437,0.0124826655,-176.3022483516054,0.012107582,1.0800067,0.084685534,22,10.348847,1.6351051,11.126372,9.491267,1.2817218,-33.7609,0.16623573,False,,1697.2728948134616,214.25817966645425,40.687209911777536,0.033426456,0.03530386,0.06873032,False,False,False,Bottom 50%,40.05890706694129,7.335351519005457,337.94621827528294,-31.34285239555877,Below Top 5% Threshold,,
1930980054623927424,344.9100496646006,41.05282704592396,21.9823496170757,0.012215042,-199.554591578244,0.011143005,-197.86268850570644,0.01325804,0.9654952,0.061422113,21,10.509369,1.5161686,11.214319,9.698151,1.2674552,-35.505646,0.20331042,False,4350.7617,1799.613166869836,281.0190002876424,60.60144449976122,-0.015249868,0.02588813,0.010638262,False,False,False,Bottom 50%,45.49104246905475,7.219739553993714,101.23399935451614,-17.061217133408633,Below Top 5% Threshold,,
4772123907590995200,79.61717004188031,-51.42767748178157,27.324176775141183,0.014867454,-32.94620356260733,0.017664056,-155.02650162837932,0.019777749,1.0360054,0.12234293,27,8.09143,0.90816784,8.45845,7.5502825,1.2101038,0.5991159,0.1329398,False,5405.638,1837.8517987494167,158.4887016046338,27.4961965543731,0.015362009,0.05012558,0.06548759,False,False,False,Bottom 50%,36.59762591309882,5.274165431809669,258.4628734058389,-35.13302037412322,Below Top 5% Threshold,14.116000175476074,6.024570175476073
2042936967130460032,286.8560903532804,32.50211915480841,22.84073854971826,0.018976526,120.5974781053176,0.016916072,9.11047832065349,0.02180686,1.0541239,0.116677105,21,9.288721,1.0649395,9.179106,8.114166,2.0440106,,,False,,1203.631167614352,120.94111187099966,25.10066438277188,0.022891652,0.04792759,0.070819244,False,False,False,Bottom 50%,43.78142142047045,6.082271713035764,63.90713516810468,11.11038715271114,Below Top 5% Threshold,,
