max,mean,p95,top5_mean
0.5379474988518,0.4743994953350959,0.5344098715577197,0.5102883365331492
0.5309665034800448,0.47380726671970647,0.5161729266820299,0.5125702750510074
0.5493710590090954,0.46807040769672764,0.48955031781397346,0.4984850066551297
0.5575582327370756,0.47586997571406464,0.5121981005542823,0.5149789563077756
0.507819553632075,0.471867982512524,0.5066873671989346,0.5015703637952664
0.5277297248610189,0.47163345449075694,0.5148283098148321,0.5106607369246333
0.5605946190348341,0.4742130742177994,0.5185651125102984,0.5187663638995877
0.5742692027628676,0.47541759287340407,0.5237242948029919,0.5182131931275953
0.6325035196848436,0.4782571556867536,0.5088986752039867,0.5266144232908626
0.56855803900272,0.4762841941036489,0.5365026381903765,0.5260089698758792
0.6753241768696253,0.48060737460516423,0.5345975865133248,0.5502833333945748
0.612265277421325,0.47966926656872416,0.5025535975456804,0.5211503412913246
0.5104905477490067,0.4702002418171205,0.5007908961826726,0.49967952692860285
0.5573520808414882,0.4737237055687435,0.5238530457058741,0.5201120193729857
0.5839321928625355,0.47616575352774343,0.506400611815801,0.5143952724658354
0.5187063532624966,0.46943333758508715,0.5114444352066059,0.5007331756369727
0.53016056006897,0.47184196864385786,0.5236797790106696,0.5114538484829179
0.5266000106975284,0.47597667637498187,0.5170861029727601,0.510783443111232
0.5454753337729319,0.47061194599629275,0.5072137950633138,0.5120492214758474
0.515032383218829,0.47323848667473306,0.5063674529629629,0.5019058534737898
0.5332430682140541,0.47322551442073196,0.5146325697569921,0.5056893515837249
0.5306816339960156,0.4725948429918204,0.5278926388453629,0.511619341481188
0.5862339638122167,0.4748336678967484,0.5047435012929408,0.5161400490501357
0.5337877889866391,0.4673879351266863,0.5187820357378121,0.5102656387950157
0.5307493075401364,0.47370906581800654,0.5249195120441394,0.5081680111959314
0.5187647172404368,0.4733169198188879,0.5114682436102236,0.5065760391555288
0.5509203562890447,0.4773749269981823,0.5186807242353091,0.5206403232551495
0.5559591566584601,0.4727522021587447,0.5112524978066784,0.5069560445861356
0.5183312768974958,0.4725867893084157,0.511015461485728,0.5025099077247669
0.504638684926023,0.4683500422384085,0.5031826284067513,0.5012822172895853
0.5252700421027666,0.47284700325077383,0.49893917948854316,0.5010354421302228
0.534266901590828,0.4710908851069534,0.5139389538068693,0.509261449774955
0.5213205374369644,0.4692541304764744,0.5124384067262314,0.5087785060721424
0.5101530957283131,0.4708597434581798,0.5100128085020168,0.5019001735417519
0.6457845620572759,0.47627793004522395,0.5154295053027846,0.5303089653538314
0.5207942104804634,0.47177394705897047,0.5189262287638045,0.5061457209158025
0.5359488501308441,0.4761850064236847,0.5168199363166253,0.5172477675247947
0.510252731182636,0.471020113922562,0.5018701545720506,0.4934340168246572
0.5005787033531012,0.4700340196949678,0.4997050312334343,0.49343822880088706
0.5288372111904109,0.4629283902117133,0.5234507893667841,0.5046116963759795
0.5099732175042795,0.47200519272885844,0.49436749213074,0.49621180018789346
0.5108511739230132,0.47086147018679825,0.5079017649253191,0.505177167509135
0.531679721410323,0.4758919862106146,0.5296133794428073,0.5156320204564245
0.5205002700015777,0.4647529467328675,0.4942382058984703,0.4971641307527813
0.4981932322190637,0.4667468319170397,0.4962024184432827,0.4939827651210818
0.5071686142852986,0.4719729925506753,0.5055684994815305,0.49838533515887234
0.5332504059448424,0.4734676206036748,0.5177807949079009,0.5145934365516462
0.5308329816494269,0.471886983143919,0.5210398303249681,0.5158874449721544
0.5157708927869467,0.4708310796033031,0.5133622551926887,0.5061730319414446
0.5990823161145635,0.4784684618318556,0.5168962934750664,0.529294357888877
0.6457647784637411,0.4798193741430597,0.5279506706568865,0.530339357822119
0.5126729745622297,0.4638002926840449,0.5070181194522044,0.5056045220115443
0.5916893040379577,0.4775395125758652,0.5149784117493694,0.5191721733202436
0.5992479668225303,0.47931416016432365,0.5251768373290694,0.5253619879634679
0.5259723270378424,0.47549935058656784,0.5175511043773854,0.5080139842396907
0.5143966820373881,0.47004473780597184,0.4960805712881347,0.49464178800082526
0.5188215354072434,0.4724482826898114,0.5113417857903698,0.5046375724699571
0.49872704548116964,0.4668933403057761,0.49577440688004554,0.4916754959660615
0.5151491826659478,0.46689371058650425,0.5083431569655933,0.5014486381497639
0.5370477104273128,0.47524574815777254,0.5328213619692065,0.5186818042466773
0.5970655071648674,0.47558912089998595,0.5090371902143106,0.5162118716196991
0.5207176392011338,0.4711723597964396,0.509439400405284,0.5075970980464863
0.4998468150511653,0.4702164349306375,0.49978636663510556,0.493767514493676
0.526912283700498,0.47426731237916864,0.5159684934634292,0.5109593940422569
0.5375724642081567,0.4734081748446506,0.5101661959318715,0.5051428787885991
0.5078002835841532,0.46592004551669597,0.5028261444896919,0.4981567957793728
0.508777637857705,0.46857103197557765,0.5000228691474209,0.49633084743659783
0.5153969256356281,0.4661964323537004,0.5107053233063868,0.5037487661119423
0.5153764433385394,0.4693894451188451,0.5102616734051466,0.4993412878609904
0.5175165741292035,0.468752937837868,0.5129372976543504,0.503877240019004
0.5143126978573778,0.47272269920899085,0.502520264332663,0.5023133614518321
0.5498116011520766,0.4762408750531317,0.5204896106103276,0.5114989765392688
0.5154515588424214,0.46719658258841884,0.5117230308721553,0.5034967473016525
0.5150847231794418,0.4726219251727522,0.5143395622613889,0.5053952608202936
0.5331043965573438,0.47648399750328113,0.5084261317847945,0.5099660261523133
0.6198861992810225,0.4767759744641201,0.5213356175348195,0.530465716658903
0.515641840682982,0.46833498969511894,0.503985376607698,0.5020108095503272
0.5377146891117526,0.46658324692700504,0.5338857413699122,0.513183171498565
0.5393961694674244,0.4747337817597182,0.5136511381924417,0.5064017568467161
0.5297697691334599,0.47496391395452037,0.5112404721028285,0.5116081337493665
0.5674934741743272,0.4732107533079418,0.5199230201162178,0.515726329976842
0.5291303756135081,0.4721932312056017,0.49796263794670065,0.49889246549047694
0.5225573559846507,0.4728612926824284,0.5192296931094617,0.510480795171899
0.5338509112542908,0.4717638356589389,0.5190437840379704,0.5063682554171974
0.519242296471853,0.4692371675578461,0.508373773795464,0.5022670368331519
0.5071496717214184,0.4669288288307881,0.5069111795310142,0.5014443822916321
0.5227249898975969,0.47109327487063635,0.5070899871207977,0.5006120979749835
0.5104825121122656,0.47032367969541183,0.4957727983184973,0.4955611952977269
0.5083247490626107,0.4689950088461594,0.503213540665278,0.4978778112589378
0.5174190652586887,0.4753179044853952,0.507411637512404,0.5067605884890826
0.5191993901301568,0.47059694703595056,0.4937179505632093,0.4952755931587543
0.5164293258102368,0.4711427930621416,0.5157988220025079,0.49994757052339744
0.502426418975834,0.47375517632597197,0.4996942070679216,0.49528218941968555
0.5117072715534483,0.4683398725769107,0.5096675246532129,0.5055339059161769
0.49685748447854444,0.4671813496547209,0.493165807888012,0.4916209850255642
0.5340179337908112,0.4682433212603962,0.5092326194024759,0.5057836139928488
0.5139977591476743,0.47084860174864235,0.5100694496018253,0.5018986877047718
0.5333306285025787,0.46938180915237754,0.49761931701072515,0.4997768657094401
0.6270914611460888,0.481647036247321,0.5296907723512831,0.5357209198611321
0.5642495707053867,0.47628597435405196,0.5311182918881515,0.5204036188382873
0.5125751015376534,0.4727285671992285,0.5017623508272502,0.5004126781117929
0.5452862611958751,0.4707099753344802,0.5269599319780405,0.5151583405105901
0.5795591206905941,0.4732960636168638,0.5133151234244318,0.5156801246480551
0.5560550668821755,0.4676766622999567,0.507918916446861,0.5077601882817772
0.5294780506096276,0.4729316437124405,0.5066460880762945,0.5023932055026687
0.5201948887308642,0.4634885758582292,0.4966775662494391,0.49661757037987897
0.5327232648303155,0.47420083966458276,0.5270283958845529,0.5163904921595913
0.5296371758574769,0.4734747373636538,0.5217487151638481,0.516551883285232
0.6645614855275283,0.47665895415856374,0.5111996993369802,0.5400086511480816
0.5358462044830521,0.46883076618262337,0.5233617393940715,0.5142327138255366
0.5170667289587433,0.47361973148737324,0.51313518283511,0.5017116724629964
0.5115035911507724,0.4657393072939844,0.5076625502805269,0.501554157071323
0.560755829740368,0.47346812848592057,0.5035203468306155,0.5107177483439234
0.5322706211189323,0.46929512211942526,0.5146890744002505,0.5103897937691497
0.5096173955872783,0.46775944506580264,0.5065012646045357,0.492557189828838
0.5616980163076759,0.4605137341804393,0.5037428061423063,0.5086891075698092
0.5224384086354922,0.4681743545943449,0.5146911698944522,0.5073580021718622
0.49710843426288953,0.47092136001795104,0.4969261002898275,0.49383330542497933
0.5266952857842543,0.4713503497042236,0.5238500669107787,0.5024422514279794
0.5412290150391427,0.4716492426681275,0.5204327593383792,0.5085975678587359
0.5300574971646246,0.47050559353991567,0.4971409024799433,0.5008573618793056
0.5597471567115728,0.47371889335722855,0.5096304980348303,0.5079183462665333
0.506526120135085,0.4729642791707312,0.49852603492924763,0.4974257299988237
0.5318410893133927,0.47231935122800345,0.5244365327665789,0.5135825999181063
0.5190132541231685,0.47190256047016904,0.5100667528528402,0.5084534182557591
0.5054539637828339,0.46893175001353804,0.5044065690543026,0.4983870372214344
0.5318533046491813,0.46778496296752925,0.5238798106380798,0.5126943124272374
0.5310119407083965,0.470684053104393,0.5255769204748274,0.5124913974740215
0.5151722661450796,0.4691866566564284,0.5046971405463635,0.5027665025475947
0.49933481046306477,0.46149208295376765,0.4982932664568265,0.4955790126641344
0.5078313498829,0.466179267700793,0.5012842166220589,0.49823156885700526
0.5277036484410568,0.46897412553393975,0.5047997170571985,0.5021304107012476
0.5196119401956508,0.4729131415116313,0.5185667513574732,0.5068140938942156
0.5039468160687148,0.4680670729771355,0.5012419328906452,0.49660433841782475
0.5114328201284671,0.46768744383248423,0.5112969282162536,0.5035389789686613
0.5101184459509808,0.47304071146689364,0.4966509969073733,0.49596830728014674
0.6665218275854133,0.47842231679534664,0.5242076720152051,0.5382374207747611
0.5528483277224804,0.47345050368543345,0.5082863520191491,0.5095602102270276
0.5243308464461056,0.47206304688968637,0.5089583054103338,0.5016484649168795
0.5373399997900176,0.46585660525573663,0.5121117659887926,0.5075355799323116
0.524648230172526,0.4735889086599278,0.510925651457918,0.5055630196521157
0.512433232133744,0.46649741575113907,0.49947111520103016,0.49767574926156727
0.5532590198006592,0.47493653435056626,0.5151113199667022,0.5193148333719011
0.510431039395583,0.4681226019237473,0.5097800358561407,0.5027996921063327
0.5432569110172838,0.469287730168009,0.5052380861768907,0.5093086859456332
0.5364061253898686,0.4751626983625234,0.5257695523395797,0.5191542508997358
0.5106902239614123,0.46609843651683747,0.5022212642774088,0.49722161149565924
0.5185419237502862,0.4681638962699902,0.5041831155861523,0.5020072735770753
0.515531067958636,0.4701839261356517,0.5077041337155651,0.5027117742007121
0.5267547318018305,0.4669608966158453,0.5200139783033403,0.5102087476956825
0.4998908283996202,0.45989401366311206,0.49447508368984,0.4920668273425145
0.5316143440088996,0.4647682812796233,0.5105079397555322,0.5096705681965918
0.5304866600462814,0.47384321778573835,0.5108505463124544,0.5126054849193802
0.5473938988982021,0.47291973612853977,0.5459782893383791,0.5255116607995315
0.504879904001333,0.47231410195712825,0.4971889137255028,0.4973202962873747
0.6569587003617321,0.47891519849042535,0.5053555535833304,0.5302199001703632
0.5433886130404321,0.4751065708401649,0.5095695304414788,0.5065642477204022
0.5158092535469558,0.4644080280106417,0.5060483570886312,0.498493666758365
0.5465316047241813,0.4750700589614956,0.5113089479612819,0.50728615517905
0.6327902300882573,0.4759055330770225,0.5409224484564207,0.5445994521520561
0.5032384645230398,0.46468057860782286,0.4925943105476139,0.49261948720126075
0.5335045811977157,0.4664597371558482,0.5052637108834728,0.5070459786416283
0.5077404567968004,0.4678444701460906,0.50513456844077,0.5012386854303655
0.5257862249755368,0.4720412192343681,0.5025960204360342,0.5041752770751893
0.5537322796675197,0.476500022979138,0.5412863866451004,0.5180895451481486
0.5260341853429721,0.4717978806100807,0.519592534856586,0.5083739956356597
0.52959847827665,0.4690620163088847,0.5236050323212655,0.5086215200800116
0.5576870405256331,0.475420985381506,0.5259915578443967,0.5175218846389249
0.5030401275480072,0.4706430523519125,0.49701103004263175,0.4964558873291834
0.5602706824725777,0.47721861424977746,0.5110174447275686,0.5110105473156221
0.5342112945937455,0.47288140136082196,0.5086229473442901,0.5027716769296309
0.5149825879504344,0.47079912076775254,0.5045302792113995,0.5019730868925508
0.6118691770733055,0.4782067263251243,0.5192112189956294,0.5275013466633948
0.556670658592298,0.47424764587645574,0.5175435728964506,0.5155863601646676
0.5167379760422982,0.4702113383796214,0.5120739607949244,0.5101244093988948
0.5038230368567541,0.4730837011271958,0.4986128026854135,0.4964697013928422
0.5324225696613485,0.4714454388538706,0.5222049103751558,0.5172833337774879
0.5236051545565671,0.47323446030115995,0.5201791765724189,0.5123315745380699
0.5957240984469417,0.4758569546679629,0.5147323460360934,0.5237428924664786
0.652480369463165,0.4776705069593441,0.49980744375292496,0.5241283033937405
0.5745694077419188,0.47339505984078156,0.5104196009337159,0.5185070409357544
0.5167178982696709,0.47165825169550696,0.504996857244877,0.5024716778405128
0.4995146247178466,0.47062604765742416,0.49710141651121165,0.49491293693831384
0.5932275669610656,0.47722035658853074,0.5437814505862495,0.5228147313888083
0.5566941724761126,0.47704086241972704,0.5164755443320462,0.5158654515331739
0.5537351554160928,0.47631434773780784,0.5229114612374957,0.5177024587583837
0.5359997481719755,0.4703837411259277,0.5093572562566288,0.5087761724616449
0.5192146554448923,0.4689059881459422,0.5083074339058146,0.5031527280339072
0.519313640999877,0.4747622770880464,0.5126504540913174,0.5045447414051416
0.583888427911666,0.474917469917445,0.5342570833325365,0.527949036032965
0.5558940422287538,0.47240673777121095,0.5073591044197615,0.5072379613739308
0.5408792423898263,0.47287228048248614,0.5180463008142343,0.5156907430668565
0.5437374158698954,0.4769255759996222,0.532351370478048,0.5251535020674718
0.5091846844160365,0.47428397827913443,0.5015767361022826,0.4982946696146705
0.5193544874411063,0.47350982560650867,0.5158888855448481,0.5057564433716051
0.5029821990352323,0.47029611294298157,0.5012084772231774,0.4960991657172217
0.5936617709557909,0.4766407516047445,0.493621124146982,0.5114199262281425
0.6123417449264204,0.47829968210424845,0.540654291898889,0.5388210811160539
0.5370354742966855,0.46956238085801083,0.5078481766116947,0.5058683428884818
0.5330971370326661,0.4756161901836127,0.5286423541383146,0.5153089642827635
0.5125955195623729,0.47263150990662756,0.5066456113940843,0.5033210571541609
0.5163046949974186,0.4698108061338121,0.5159914515702876,0.5016754959644796
0.6319343584568556,0.47663462474856677,0.5176121724311106,0.5243048331361388
0.5421980180297112,0.47200203711957683,0.5191226769069169,0.5141613703776178
0.5145789615579487,0.4678670059965095,0.49768679325673665,0.49502708305626475
0.563670099398654,0.4752672311155337,0.5197156627718853,0.5173000178009436
0.6309766123480026,0.4828355527755435,0.5123224511060838,0.5320851744109437
0.6495148234385382,0.4775434309502127,0.5138442000292619,0.52697320938765
0.6043542262909433,0.4796785067416544,0.5237714951939596,0.525967256042708
0.5325991455700644,0.46517201681005493,0.5163356174973984,0.5125677867031191
0.5830524061988935,0.47709431469039576,0.5222734534448268,0.5239788263648875
0.5113113289629649,0.46882760881580504,0.5109239625754073,0.5065941069410596
0.522721394790827,0.47094387011640954,0.5060356731221256,0.5050894883908008
0.5182782263281882,0.46689464104579886,0.5071252814296745,0.4990260366110954
0.5179835717604199,0.4719400504826213,0.5030574232023559,0.4985310682667191
0.5199545500692273,0.47107612961232403,0.5188384664146307,0.5094718789349729
0.5319863780577656,0.46349313953610294,0.5000588961463358,0.50199792760619
0.501912286942301,0.4670880663591309,0.49925480550149715,0.4954875687520156
0.516544168337362,0.4676854037251706,0.5065460282269308,0.5003005992426904
0.5648384144580076,0.4752819584557382,0.5200824956061312,0.5163074420891768
0.5457465512506346,0.47104965599184534,0.5007255848221943,0.5064268974779667
0.5266426184899237,0.46997715006080365,0.49961922418684585,0.5000125854759497
0.5211936217245932,0.47354052916927925,0.5173419741072945,0.5099090455297839
0.5348605224808969,0.4725403333738004,0.519248133275024,0.5055424804327837
0.5119138491979818,0.47089925389723075,0.49960217707795423,0.49511095837802166
0.5545956944538423,0.47429511715683376,0.5444493655348034,0.5161652241064515
0.5168452131632582,0.4631120232623598,0.5110381136677707,0.5018759409681587
0.5331185609182685,0.47338595886902063,0.5053253174894129,0.5075835379225382
0.5171781670044814,0.4707431410448383,0.503228419308271,0.501994499662913
0.5052369325891797,0.4692917276321218,0.5048101235162457,0.5022217150224976
0.5255606628583182,0.4657623393355248,0.5189548671796226,0.5158160959112249
0.5441035624394008,0.4658801435861995,0.5080559070725386,0.5098008674292613
0.5110705105813181,0.47210327075913,0.49764383743088,0.4962701212073556
0.535747483001306,0.4739893203784194,0.5032381015384043,0.505194622557316
0.5047773177951891,0.46999246872192113,0.5031239902263804,0.5010546969947602
0.5092831565142496,0.47296716789094567,0.5062104274219416,0.4963160526026316
0.5160077092698381,0.47215263289274484,0.5145901831920908,0.5041697604712087
0.5175773830981026,0.46609351700162155,0.5167412140209974,0.5112174877229883
0.5119748915028549,0.4675805406798232,0.5042850692612175,0.5003538106766455
0.5037078119302562,0.4662947387195987,0.49867555079112347,0.4976601533803036
0.5252794904897841,0.4732994678699948,0.5185277876749179,0.5092125537561574
0.5398954692705817,0.4765340853961734,0.5215010804901603,0.5145019072907033
0.5411531746965513,0.47360552846485315,0.5217081023771499,0.510242971803764
0.5102483219743578,0.473702046930167,0.5050888840219325,0.5013698635369821
0.5282659161914747,0.47351565046238553,0.5154647514901632,0.5086038373997266
0.508478645842292,0.4705718163652713,0.5076548334046471,0.49786083804343473
0.5367216386183434,0.4698851867805655,0.5142475695460949,0.50633448501004
0.51767158338728,0.4696142315790156,0.5065080399721501,0.5043050034872344
0.5131596843416982,0.4686420767183358,0.5067240799519219,0.5049426916589964
0.6143439720884645,0.4769937175683636,0.5075360427577018,0.5199293647735322
0.5033748885668546,0.4696481761998284,0.5014117368946739,0.4984649113483159
0.5221292964850719,0.47045265058467234,0.5004985295497683,0.5009228903708669
0.5017143884119055,0.4655160821711952,0.49644543540671987,0.4939913027950634
0.6730042870065055,0.47903043702564846,0.5128719753475476,0.5349268436917507
0.5274720724985527,0.46643398469334163,0.5096479936647711,0.5048992365010998
0.5407317386475728,0.46892898299284547,0.5118933973737761,0.5032283593687576
0.507760353207758,0.47038074435142185,0.5050378673235312,0.49993623233697065
0.5203935552412973,0.46859046849232366,0.507397491322913,0.502929016713847
0.5484304358067585,0.4688786059567419,0.5301780371655255,0.5145121603978278
0.5729307785200279,0.47189203421375375,0.5165663347855798,0.5186102787347276
0.5218042501624748,0.4652224247592862,0.5121122252255768,0.5043142531713423
0.5404316383005165,0.47381288172119457,0.5302853069941509,0.5107254596807209
0.5350422601572876,0.474275022982862,0.5061560039299502,0.5074522048877764
0.5315483754555907,0.467625386700489,0.509976299457761,0.5096775533310554
0.5589298623110619,0.4725312321640674,0.5246538403233946,0.5180687017574022
0.5017147722490872,0.46764267491676953,0.4987477617599079,0.49513168237079486
0.5679355717760812,0.47478148631467315,0.5205430544833193,0.5209946343088842
0.6250243802545384,0.4794761599473026,0.5088110454176166,0.5244441730090015
0.5151098364060042,0.47172518184090784,0.500564576667207,0.4981041120608727
0.530694306668176,0.46957439424826125,0.5243618768248373,0.506201008742927
0.5368494466376406,0.4732913582038768,0.5213099501513986,0.5120058151659073
0.5198267035561622,0.47403840950595866,0.5016629100543019,0.49703547788105473
0.528432526864075,0.4720506158086712,0.5273210840728232,0.5102355675421859
0.5313118302111995,0.4726177856024649,0.5195254575961578,0.5061159005073212
0.5241884409767852,0.47542844863024136,0.5204920352121406,0.518009487191334
0.5644249786534214,0.4740152352380023,0.5221138861000336,0.5211577981392498
0.5134694804085351,0.4698018920265617,0.5026729315445541,0.4985704998182401
0.5307938545335555,0.4723455548859534,0.5182678845325759,0.5141050034027973
0.5048101837280357,0.4683407473892111,0.49868908329235834,0.4962707643022874
0.5306691014816634,0.46844894173070595,0.5137805542676374,0.5081407196173029
0.5478291517969585,0.4764415207320649,0.5368004969679895,0.5169192621445878
0.5086544225172094,0.46387007071024106,0.5049655306794054,0.49545466745060585
0.5215124841466406,0.47399320461972877,0.5099609538975061,0.5061870293447314
0.6305925180553535,0.4753618970828987,0.5102956417703638,0.5222087970258029
0.5080114704820788,0.4672392452017215,0.5077277226039105,0.500420070458646
0.5174498124416869,0.46964589614332003,0.5170888129933223,0.508503836778835
0.5179764885413599,0.46880853410574536,0.5177756046079699,0.5099295054037541
0.5367734550584689,0.47241630245635247,0.5211708378504792,0.5149265190107559
0.5597892972254777,0.47538154778629793,0.5034223552042829,0.5086371845200178
0.5283262096960977,0.4749275473449863,0.5228714628547233,0.5119673019095513
0.5209022234055064,0.46666539297711856,0.5205138896238669,0.5152207755287439
0.5889651718339262,0.47604212785124195,0.5195868386534386,0.5241361680029455
0.5100300285740479,0.475299159513657,0.5064788051934679,0.5043390850617469
0.5096565484043207,0.4683384602990061,0.5005658912411292,0.49852147124863827
0.7165264708957082,0.4805189945542644,0.5084814455865934,0.5429444957900769
0.5133729743602502,0.47000577815571515,0.5006889294522223,0.4973172760967787
0.5120843082258483,0.4730562612876038,0.5112185638275043,0.5014461009085934
0.5781646861386887,0.4754676471060503,0.505337010774848,0.5149887532292324
0.5390252330174387,0.4733880582404315,0.5065440108988803,0.5089257012024315
0.5659264385724176,0.4739318183665159,0.5090494291430443,0.510117382306934
0.5506944817441524,0.4720695627841095,0.5103803417533328,0.5081652216419339
0.5295845829538175,0.4688896923593758,0.5037403894066186,0.5038720772976283
0.6359945658545743,0.4776810287338006,0.5270024980673139,0.5313321345088058
0.5289434640501207,0.47201015123443135,0.5213454235595875,0.5128055915742318
0.6120007219624867,0.4821877582440476,0.5289384471690557,0.5389933436317681
0.515560957040467,0.4670132454280664,0.500875720150582,0.4989939147264325
0.5220319354898095,0.47389751373596134,0.5002584588190137,0.5024376566856086
0.5635830471143689,0.47424098504495144,0.5166311835901652,0.5137462056416908
0.6090132951288457,0.47685549052215376,0.5130731332516523,0.5279146020776423
0.5452800329260342,0.47416016070643363,0.5150532269745934,0.5098594499576634
0.5188351067954343,0.4708462522160585,0.5089178646840775,0.5050442912993153
0.5328973211628442,0.4676972680467265,0.5247856318931269,0.5045601191563127
0.5271752521593801,0.47108080763689614,0.49801535545838627,0.5016684871324885
0.5294688319234735,0.4676829639157809,0.5078396566161131,0.504557900788231
0.5567362912581443,0.4759126958123763,0.5177771041252092,0.5176511282389008
0.5809717345137915,0.476535079277545,0.5299011856368702,0.5205460716649026
0.6236896584735221,0.4782898871908984,0.5361138808678962,0.5342982623804962
0.5824937268715195,0.4782783361312505,0.5248618376781855,0.5213535786363196
0.5151637190811921,0.4729042841547354,0.5047815447532166,0.5000493655741804
0.5404379365845174,0.4720549294829018,0.516099460178995,0.5156062698490251
0.5432926775350092,0.46851893582998627,0.5202070383014649,0.5086683924500994
0.5295329585349265,0.4732073099372798,0.5118204647228667,0.5030939482125701
0.5724325865604886,0.4732945988175154,0.5071342799746077,0.5120567208349562
0.5285177893774181,0.4710203542649131,0.5036612580325838,0.5019344237281428
0.5031072276598948,0.4663604731474211,0.4989470150426368,0.4975915235816769
0.5284926876752076,0.46594363326715715,0.5078955319331997,0.5034344959761938
0.5002535774813002,0.4653796022107775,0.49534674525529726,0.4956095629196648
0.5489698363155374,0.4741167983072215,0.5119949945715423,0.5099487418664307
0.5177357200007878,0.4701235802110856,0.508087476428521,0.5036478181821165
0.5268195644781695,0.47161192626650655,0.5002394289950188,0.501664373168707
0.5190953130003381,0.46913583534251724,0.5128247119284566,0.5068176825189572
0.515896733193486,0.46767269694073044,0.5047101660597852,0.49849875706578645
0.5593459791501704,0.4757891399070931,0.5268692481514703,0.5253271638204283
0.5568478369044587,0.4778774771599886,0.5261612109305963,0.5190049915745817
0.5104972773860882,0.4699650314132522,0.4959061000359879,0.4949852669365834
0.5090518875892648,0.46829959353646755,0.504155011597234,0.49989622095347563
0.5223649268813696,0.47578208545345746,0.5054138440499301,0.503373930301803
0.511022946205669,0.4670289204820503,0.51041282362566,0.498426446564611
0.514403335441361,0.47107617869918306,0.5141933153034881,0.5065440224198992
0.5240776581302642,0.4650215191728692,0.5041850473236656,0.5015182456324772
0.5125633914155431,0.4621843383042353,0.4999890058838569,0.4979833509047646
0.5095890077616297,0.4705913690375515,0.4992422791322958,0.4974468229749923
0.5102198626456135,0.46607949105787894,0.5061351901247572,0.4993680896415956
0.5337628038232296,0.47368549338043014,0.5329644239580198,0.5156444150594232
0.5180478874597171,0.46655617130434635,0.49453714517787295,0.49464064994731516
0.5839083664953973,0.47701114730677724,0.5299131337063727,0.5236098343451396
0.5193298965600042,0.46615464642568843,0.5085304512921911,0.5034475169271408
0.509731361535105,0.47286953020919725,0.5080458879319886,0.5055521247232324
0.6168333168864008,0.4775024045571859,0.5138036636455986,0.521468816129299
0.5585988074121849,0.47744285708820644,0.5267955150090601,0.5188705121895106
0.5399300114079058,0.4717690424009073,0.5369353919063271,0.5156368842421484
0.5144996155111566,0.4695571527885167,0.5070507686508645,0.5008495811396075
0.5061421634215251,0.46837527860087597,0.49954056431626676,0.4974771000672661
0.5140416262315677,0.47077389919855656,0.5027632825883518,0.498526037291286
0.5025049460922103,0.47092285844645687,0.5006482603329662,0.4993601881450419
0.5310773414953146,0.46889395199450706,0.511003326670827,0.5021010649493329
0.5554319951934389,0.47643995331961736,0.5167698472107535,0.517701003342003
0.704336229836598,0.4794020291928122,0.525825283677936,0.5459978645836777
0.5548325387597586,0.4741613021042899,0.5080927329081143,0.5097665376456822
0.5107830478268331,0.4732126268129547,0.5077336389347805,0.4998594572468716
0.5371912277092127,0.4721745584658724,0.49770300909541937,0.5033871006171096
0.5273203607786597,0.47181155086708415,0.5143873892233429,0.5101280596483415
0.5532789677127501,0.47432265882114766,0.5148471056698072,0.5149180605499585
0.5041070178903136,0.469194423431402,0.5037263489055137,0.49742307980866335
0.5505043403139533,0.4743188120154989,0.5416984909508988,0.5095708612927868
0.537286323989367,0.47523299027775096,0.5306700672554787,0.5218688371213975
0.5385507371902981,0.4728185677215744,0.5369140063700913,0.518629062331232
0.5125010029537772,0.4707606733212345,0.5026720093460225,0.4984642937484088
0.615409678841811,0.47536198382282663,0.5195980136563507,0.5258503144242794
0.527291487843901,0.4692044685448857,0.5085249197823014,0.5068639738166926
0.5216880509829905,0.4634893154964531,0.5125563095462967,0.506578273682548
0.5204031126280338,0.4716241015573732,0.49164947634419637,0.4957658197656388
0.5134112364069893,0.46815608816960197,0.5032702239135011,0.49778280035459666
0.6782427705729829,0.47512882138552637,0.5067179923344901,0.5323935036069425
0.5698620214626128,0.4756013183161694,0.5112009912753831,0.5185991305980574
0.5043530186040006,0.47343789235496087,0.5040614173693972,0.5012581166443488
0.521077803060645,0.47201312424786923,0.5044812064031488,0.5022948108371141
0.5554917514852636,0.4737385787154952,0.5202224200193936,0.5112660262011447
0.5124804003738099,0.46925013043266195,0.5059699767344915,0.5008731887036142
0.5860045878590165,0.47675265355658325,0.5222950206980599,0.5183018374795172
0.535641126850982,0.4667314569529741,0.5171542433200402,0.5126131687350659
0.5295482851988694,0.47326436067541927,0.526744089323764,0.5174948630710239
0.504736771064151,0.46600654664693364,0.5033293081608523,0.49636695331365444
0.5442196358138963,0.47682166746100213,0.5315728137819862,0.5197697231336151
0.5283714261529744,0.46765845193147804,0.5094351300067425,0.4997301198606534
0.5661054979955908,0.47510809936996673,0.5165618634708296,0.512019967734609
0.5261282760003434,0.47052655306421864,0.5088200594697962,0.505558834418228
0.54186377681418,0.4729255370139535,0.5080834400067555,0.5099387752368945
0.5297236282182386,0.476022071665868,0.5237836075319454,0.5127827616322935
0.510573661146352,0.46727578694728594,0.49927407094224935,0.4951962732643221
0.5492079701115433,0.4707469531603383,0.4999051050946859,0.5068891749275238
0.5238648768124882,0.4731495467939005,0.5094990101949051,0.5064891626113001
0.5225663058625987,0.47252008886531105,0.5173295356224291,0.5059746415801244
0.5158797491223499,0.47169894255515893,0.5145427272839552,0.5043698069757755
0.5394108510037497,0.475331682981538,0.533766904686902,0.5151600860327
0.517074704767845,0.4686087354905577,0.5109843307248805,0.5052627180438849
0.5692822611093619,0.4746683275501888,0.506772364157894,0.5107347113313552
0.5230319681361834,0.46576831376544364,0.518576344305239,0.5091727523565706
0.7190033528478234,0.4826338382993556,0.5373222496527558,0.5591689371658375
0.5119790348509375,0.4689872759370632,0.49843135129478705,0.49763651829944183
0.5543123735547614,0.47549694587185615,0.5271601679912967,0.5172705064189214
0.5271576286213052,0.4696357684792177,0.5061002990870211,0.5054432527981877
0.5108108129621289,0.4648453685334192,0.5056698731405562,0.5023363128962453
0.5521755174140245,0.4723424755725902,0.5191883479096601,0.5165708358190512
0.5185458621726692,0.4661589034817745,0.5024971077586016,0.4971547164636145
0.516248240579536,0.4718376592002419,0.5077886899189399,0.5042035554493184
0.6430332470296967,0.48028692140245405,0.5258347021125647,0.5377840315220241
0.5691452031270798,0.47668736227010244,0.5187346389281965,0.5149217561405787
0.509674483415446,0.469035546078556,0.5014177317009115,0.49992782578713113
0.5538466849040101,0.4736623017469692,0.5129420867596625,0.5139908983212149
0.5309687434855243,0.46772905518372904,0.5028634025601806,0.5001810585753514
0.5149438938959843,0.46974633350221884,0.5083840054637918,0.5011009689977524
0.5186760266347725,0.4720062963702018,0.5091467046477318,0.5032062484962904
0.5175322290821769,0.46655999945018933,0.5144070825287197,0.5065600782339759
0.5064068582464027,0.468757115348794,0.5061409634374138,0.5040579115202248
0.557791669648801,0.4759675266901108,0.5093321804899081,0.5131575215831914
0.5298804215547965,0.4680656842970296,0.5212316185790566,0.506993170714024
0.6255380192426641,0.47804589659646335,0.5175676078755159,0.5268517706406923
0.6097201664504075,0.4771197107723277,0.5285423747959977,0.5316137799937709
0.5123029889030419,0.4675240991670799,0.5003888670755716,0.49810829002094625
0.5087766434652462,0.4723454156623148,0.5077400168455263,0.5032255124717923
0.5179318386423319,0.4703724291226618,0.5013173898924321,0.49913672562575434
0.5480776287478809,0.4754211730862967,0.5063779437243386,0.5050599095319477
0.543261251716568,0.47566142789041865,0.5148001081123711,0.5129433899778025
0.5159490388478521,0.46674644820714173,0.5054356676994411,0.5035408442307828
0.5272573129775082,0.4749676164791794,0.5150403163324506,0.5119899186247266
0.5335028984531869,0.4702293776154547,0.5034380861199439,0.5058934203538397
0.4928080666295202,0.46894542140499107,0.4904773643957779,0.4901540363625239
0.5267867343790372,0.47111177773991714,0.5249877116749663,0.5123242066514841
0.5223484179186929,0.4717548601956358,0.5070789041711101,0.5085070151900182
0.5855796552566397,0.47349090098809543,0.5140523975581821,0.5178836857209326
0.5365874606689696,0.4744382193005191,0.5063726285030444,0.504236642305671
0.5119779468519277,0.4712508133599512,0.5092528955984988,0.5034690917048449
0.5187390871465487,0.47089240859874065,0.5109554363026453,0.5072100639564907
0.5398433314806032,0.46840020644023933,0.5345731312357902,0.5107752077508085
0.5372654761200302,0.4736962263447924,0.5268180446352727,0.5104364796604377
0.5153301591459528,0.46609024365639345,0.5053317571528957,0.5007577795128911
0.5824530510565948,0.4776497809140578,0.5262965681235593,0.5227040927696335
0.5071027431371848,0.4735189297800566,0.506349297870413,0.5016838018767746
0.5907220838818861,0.4752209879480972,0.5208463814483867,0.5227519287989268
0.6107656948951938,0.4811135998024268,0.5412840089739321,0.5454397127953955
0.6103292003003724,0.47682082741029275,0.5276814111444896,0.5274930827183095
0.5293566660557912,0.46444043293765125,0.5154038850552276,0.5102880628512619
0.5437141925094633,0.4714995096403448,0.526109494723204,0.5130291862585128
0.5331252492231093,0.4693345969083848,0.49809663603320714,0.500590162031604
0.5285023822725972,0.47307872494305897,0.5023161903847061,0.5025066476867547
0.5436638964843516,0.47479285709019886,0.5025166754839704,0.507648007298304
0.5201558846131182,0.46819416252395873,0.5155903346126591,0.5005294218418435
0.5090486478021357,0.47037754047223584,0.5044323997054425,0.49875986026485447
0.5724326075442059,0.4780931708055744,0.5190422017921738,0.517685696753175
0.5016952595156319,0.4685868675138069,0.49686697536449487,0.4936611353390073
0.5248407727744961,0.4701178592986589,0.5153505989720395,0.5034922908358489
0.629299327830362,0.4759741438395276,0.5041768508463621,0.5236380432885324
0.5215890720224199,0.4752076401055384,0.5197371401327769,0.5107083422670984
0.543660440357019,0.47424993207808747,0.5084414082623114,0.5093334713489117
0.5156403100449529,0.4703800890549174,0.5089199708680968,0.5017535617594616
0.522160050245249,0.4649137570764562,0.5084131000013618,0.5033667634869567
0.5110969392355859,0.4706850905048127,0.505559724033512,0.498712582011349
0.6342398581982924,0.47779004103067024,0.5082117629494945,0.5279375260569608
0.5112275033647485,0.4715247042274474,0.5041777960110047,0.5031606481102615
0.49616114563259456,0.4680680903649864,0.49582069436354353,0.49294351137711867
0.5228124810803452,0.4668398583382471,0.5197479470491486,0.5027050836206743
0.5215154243317685,0.4713414087362904,0.5177024739152469,0.5110066194968593
0.5502759134137278,0.47312397086930685,0.51459310169467,0.5121927176046417
0.5204016785617664,0.46458396027428267,0.5031919161348022,0.4973394350511725
0.5310781372917001,0.4648850156779837,0.5076462605879416,0.5058356416897116
0.5107041412100446,0.47291792118249004,0.5091088336971259,0.5023262721315315
0.5380813101951257,0.47343019736154723,0.5171864600806595,0.5121396450021454
0.5010915448816791,0.47066436401406925,0.4990740853883042,0.4947601946935195
0.5061302616017285,0.46906491230556735,0.5018965514984115,0.4964004237777681
0.5152556045692445,0.47015908791202743,0.5142737880231834,0.5058011018960483
0.52864536476901,0.4722786522846629,0.5130321566444748,0.5086820730739422
0.5395430710789386,0.47354557355285404,0.5140644128663897,0.5142672175151194
0.514379880621933,0.46682309017550905,0.5084491331357225,0.5062998148725211
0.5871877867564973,0.47683421998406444,0.5098871718147725,0.5160545282003911
0.5215148283370779,0.4694578891725632,0.519914396292241,0.503407746200496
0.5413085580956292,0.4761420204366755,0.5196953793149773,0.5121232660799045
0.5496470617171325,0.47487099510107345,0.5192200468667496,0.5188487120249595
0.5005745383276131,0.4664336536652367,0.49662201869352723,0.49614160289356357
0.5213850906365739,0.47031123875370523,0.5202106278676977,0.5092801184059124
0.6294260964349637,0.4781262554488538,0.5114441349548321,0.5242598836574623
0.5166557401753877,0.47268537667610483,0.513680501477927,0.5088843742267193
0.5511521423109071,0.47333482919035963,0.5246840209945945,0.5196686379314812
0.5598819838389606,0.47442608275784004,0.5220633345860409,0.5131032852022475
0.5102202880660659,0.4734970309448679,0.49287464499057543,0.4954279400238743
0.514839405189969,0.4725314814301367,0.5145943380908236,0.5025814233556185
0.4956270688822032,0.4666964917932746,0.49541893875408266,0.4906184094856563
0.510231399980699,0.4721603233812651,0.5094465980107672,0.5002052269508582
0.5314679041000026,0.4686970285249871,0.5220603621151146,0.5082825441711667
0.5171731558370728,0.47099818406863736,0.5157469222796957,0.49955075538631943
0.5099997148883872,0.47665905732179004,0.5094695496104392,0.5034144599993817
0.6043927645004477,0.47737788024268935,0.5494888210014492,0.5333887449779918
0.5371206252484154,0.47304191682158275,0.505120915727855,0.5064191891920213
0.5293550718467266,0.4739978409932563,0.5188633170523764,0.5119305324065773
0.5308646860178922,0.47415868532464456,0.5186247478045064,0.5122439193868897
0.5268402085579867,0.47112173132899615,0.5244222540448956,0.5090197854987561
0.5800030492418257,0.4764327959693559,0.5053132417026704,0.5161452047370376
0.5127408176333303,0.46613839810905866,0.5090598536770363,0.5022316407650766
0.5127587141213299,0.4674310936537059,0.5101594347999278,0.5012630769336697
0.5194220363354844,0.47080498239155183,0.5121906848078903,0.508117168934139
0.5008933864050436,0.46877190010286424,0.49137762559391623,0.4895747569936672
0.5102583330018025,0.4717012569133612,0.5084263042489368,0.5013021655108706
0.5372814869283391,0.4696563292847965,0.5065816657940547,0.5032022984366012
0.5288483802175965,0.4737504111864565,0.5283046669431939,0.5065352441069157
0.5140716176261284,0.4712407453181215,0.5103134399350943,0.5050086743671327
0.5362487490032228,0.47176224900399655,0.5070190381167419,0.5074871265812083
0.5086586000398394,0.4721191911790625,0.5079940125644715,0.500100164081324
0.5139796000893248,0.4720141588422168,0.5015586023586505,0.49820079715006776
0.5144929172499658,0.4686551759046618,0.5049081294424057,0.5020251220185309
0.502444283022688,0.4685025861856439,0.501497954349708,0.49609916581834923
0.5349081243353141,0.47703449836940937,0.5306063546284866,0.522321734610479
0.5200270813213042,0.4697342562508072,0.5100348933220882,0.504718705320455
0.5405484851924517,0.472670494484232,0.5260603317521574,0.5200270031962346
0.5325093937274836,0.47346301199126456,0.505394356184975,0.5017535618319414
0.5221674891308333,0.47437266343769363,0.5138843339333665,0.5066409273145809
0.5257241046385198,0.4629452514601739,0.5222998905217535,0.5072996423202966
0.5228472604881286,0.4715571312966324,0.5214443156623755,0.5047519709984827
0.5494229041446734,0.468534775867309,0.5303946571544036,0.5082936334296722
0.5027805491282924,0.4734668891692732,0.5005882406989589,0.4983475066891382
0.5105567080794841,0.4666163265664783,0.5053009145763654,0.5006684390928237
0.5035673982353019,0.47118191252511954,0.502621379674687,0.4992898656951601
0.5154123912633395,0.4724709714338057,0.5142694909454459,0.5021192983361813
0.5348860920733678,0.47366249225878904,0.5080584127318737,0.5053286801083041
0.5273747104394658,0.47055587933909215,0.5111255458245887,0.5059441070760202
0.5385832117357486,0.46926618507376083,0.5199827561628104,0.5131976561982584
0.5271906286052533,0.47174965550008935,0.5029877093919289,0.5030098191089567
0.5065846714225565,0.46896307550811933,0.5046777345617683,0.5008872750357972
0.5167337207517968,0.46810884172913836,0.5120211220539821,0.5070337268353772
0.5038448946121559,0.4704644804597719,0.500422225486176,0.4965977767663752
0.532830220757237,0.475501276200994,0.5272290984071308,0.510568131248049
0.5369788702074235,0.4729235178875314,0.521560108480062,0.5174936154518488
0.559736319261087,0.47411932202112905,0.5094719707683898,0.5168174560769462
0.5091259211963618,0.4719083911162376,0.5027868733961748,0.49912136986570504
0.5677940106394935,0.4657899133362119,0.5221941416979337,0.5151769321279754
0.5071320996517042,0.4665326698129916,0.5044039544199158,0.501359612920842
0.5148624899698167,0.46669959327440413,0.4973036207555641,0.49600316879770645
0.5287131708410154,0.47583543306335635,0.5152457561423909,0.5054051233520214
0.5105635099362561,0.4644750801061356,0.5086357512373189,0.5055280527532695
0.5692335334861403,0.4757857387150043,0.5081191914881042,0.5154581305177517
0.5070763793342904,0.4712320657450225,0.5041654775649023,0.49520664763239736
0.5570779758672576,0.4761606063951941,0.5307606532253497,0.5200536677464369
0.5268573821529058,0.4777046584898007,0.523635321996246,0.5147061689742742
0.5448874853168277,0.4693162457011635,0.5389499032139597,0.5154103786112032
0.506885631212923,0.46897264259796306,0.5059517342661362,0.5003936811417437
0.5624144521491051,0.4710846271158671,0.5026590994940753,0.5104898504961424
0.5254354550414605,0.4718526030684125,0.5179981010663104,0.5096928171414745
0.587551476061664,0.4768718635921776,0.5061652024144826,0.5163718808540189
0.5137733832671701,0.4654849176627361,0.5103288545153942,0.5032154548533601
0.6132399924677767,0.4759252560585352,0.5047447782158634,0.5221729148380534
0.5788574740222215,0.47625109111614256,0.5674324636411374,0.5321247220952914
0.5085517418129205,0.4724375176706451,0.5035945323706345,0.5019326262588103
0.5349896134586175,0.4750595827132027,0.5114192963491665,0.5104293560460194
0.6629717349082904,0.4794284165431178,0.5136543433428232,0.5393783482112258
0.5460532244793718,0.4700629493762851,0.4954324142234016,0.5018602044690331
0.630995823470958,0.47793966694992657,0.518128852722536,0.5380308470655244
0.6733844480086211,0.4791962491425726,0.5316960778006071,0.5390994209222978
0.5707043859089124,0.47550558667619436,0.5134737071673933,0.517174890357098
0.5154057826130676,0.47058354239843764,0.5140904632122693,0.5081258537022632
0.5014142858018652,0.47319123167938254,0.4998265285990405,0.49837622716432506
0.5498339256926743,0.4707376898548757,0.5067307215282245,0.5070797293049732
0.49767953192060815,0.4714796035510522,0.49597034545321506,0.49472299563361927
0.5211197804788837,0.4734242303784873,0.5157768245841712,0.5113077049646153
0.5159436298573635,0.46811918634488675,0.5130098675126135,0.5115341385624312
0.5141965139508906,0.4626355371410249,0.511699469319579,0.5019876370637583
0.5159855526869407,0.4683243438764106,0.5000039729727717,0.4989893206751327
0.5151951590168338,0.47087729382102284,0.5098360754692135,0.5071676361923485
0.5533386088125927,0.4749979364692853,0.5290393533696921,0.519510584458083
0.5281283639850188,0.4733183272772419,0.5095679603238537,0.5093371115436893
0.5211080541439352,0.4670080598582871,0.5142490092162819,0.5053602704078305
0.5131871891304612,0.4713818580782234,0.5030843397999745,0.4952637096823194
0.5176004496978621,0.4718050621999578,0.5131362833018134,0.504389831138158
0.528567341050787,0.4655210800105352,0.4997929108478012,0.4962618157408653
0.531587968269625,0.4718214777185288,0.5299830611765224,0.5127699967489796
0.529704846560458,0.4731588743284363,0.5234666726001079,0.505880459459927
0.6006682936165912,0.47657440082242236,0.5103205152125598,0.5196172934427968
0.5124024068499883,0.4673720847941772,0.5112792647527518,0.5101216142147731
0.5035700831426622,0.46590259650348514,0.4910093244924471,0.4917629663793045
0.512786340197848,0.4685170277398652,0.5042361389283577,0.49775060548906047
0.5205660225790463,0.4726184991685727,0.519717667608793,0.509059927560916
0.5231916412612078,0.4691222218145068,0.504264123856402,0.5025710244433792
0.5571153518826324,0.476183068971067,0.5310413156107754,0.5181251410385872
0.5093884878449497,0.46049205199760834,0.49958500487801855,0.4963600279851509
0.5269005672874874,0.47328580186326197,0.5065495405749476,0.5070878148444171
0.5306935957407988,0.4668921190477824,0.5023388790399166,0.5028037637157391
0.6078638805586627,0.4785473944980797,0.5163503798078443,0.5253649975853314
0.5109531623189271,0.46547851710701466,0.49934838219875527,0.500783791483575
0.5224881788907046,0.4722304943171986,0.5101373603069388,0.5072179651533957
0.5128872309344621,0.469954523603437,0.5114616526751453,0.4956048980867596
0.513364734133103,0.4686222544806651,0.5057732364757492,0.5059162578585197
0.5152427795543829,0.4717584029351266,0.513798602570569,0.5028036775362732
0.5229494946191944,0.4736860207463132,0.5184098584744792,0.5065865430251557
0.5133956304190432,0.4647757687308175,0.5084763327459751,0.49515071959318835
0.6184084486119561,0.4771103743942947,0.5077277308469735,0.5270812956467135
0.5158899023181229,0.4702100921834886,0.5075255632635276,0.5051044264141256
0.5338028668228442,0.4739832270714619,0.5233745378589154,0.5046129779621789
0.5345496377843771,0.4652529782447656,0.5029463957759626,0.5041260145502368
0.5029044896247739,0.47147168807068435,0.5011814679375004,0.4964749256000138
0.5560664447106294,0.4699475004578939,0.5168031940478495,0.5130420067027345
0.5154332205808762,0.47354437128145654,0.5101718502074264,0.5042876206691922
0.5472867260405292,0.4698145463670145,0.524369778636514,0.516591016527515
0.5236748610158072,0.4720992314918454,0.5195324239921939,0.506078013074326
0.5976146911192013,0.4771092424528521,0.5482219725443399,0.5385290639587714
0.5764937366001939,0.47641492830939647,0.5047774756575684,0.512690452187081
0.5206509765217167,0.4692763243568669,0.5080077361036031,0.5010028790933607
0.5088693747777823,0.46603020511036175,0.504709508726361,0.49616972951009447
0.528347843217153,0.47052616812012604,0.49534638801136127,0.4969406733916865
0.5254251409771061,0.4740973428488045,0.5140590276280848,0.5103743936221583
0.5154480763786504,0.4723561711936724,0.505619811115158,0.5031282432196367
0.5213765670660334,0.4699065772263179,0.5013407698737854,0.49662387802498226
0.5622958105612632,0.4781329837679742,0.5275412403581097,0.5232463143906061
0.5580280135331281,0.47832644050209583,0.5475934944671343,0.5292222277217843
0.5133267631076612,0.47065968931516344,0.4986536072252166,0.4986468557724436
0.5418898553370121,0.46942595782567265,0.5013625353947584,0.504569937532587
0.5116306677767202,0.46801647546177655,0.5112993423277843,0.5039795778372234
0.5526957834357434,0.4744165500011304,0.524189270902435,0.5138025212454169
0.5094420758293622,0.46689584393172284,0.5085908792566017,0.5006414122298075
0.5163328508490462,0.4708141246849469,0.500853372059621,0.498135911647503
0.5295414153082679,0.4582556062608108,0.5229353271569211,0.5025444559797677
0.6226652228038482,0.4782048573169562,0.5248584732078379,0.5324685543369921
0.5121039567811294,0.469957344209117,0.5089684295749202,0.4994369053321531
0.5364267948763269,0.4729292660546377,0.5209876648624677,0.5122654271369645
0.6558693208586155,0.4763198889952386,0.5080898700873496,0.5288573049672782
0.6289119742138135,0.47987988801389825,0.5429331056837048,0.5388380298474635
0.5146622161554522,0.4714804821741679,0.5099353816179347,0.503103175426923
0.675307494027471,0.4810070798630748,0.5293733693783275,0.5428345818596674
0.5481023319534749,0.4733427502445131,0.5248733417966265,0.5137960016435712
0.5393002160402652,0.4667535174759926,0.521961515262805,0.5161608317613274
0.5091111753297894,0.4648837634569598,0.5084043697777335,0.4996203820703755
0.5328968021450442,0.47383376207661054,0.515780213268109,0.5090532546222384
0.5502887728862,0.4733616009094033,0.5165777820609591,0.5132514677517855
0.5097766702474386,0.4718609105999177,0.5023989601675152,0.4991322276435102
0.5556609533419151,0.47283481550420964,0.5022862734378059,0.5074707471739789
0.5597600415752921,0.47556917167059914,0.5253715972590149,0.5173699110769103
0.5038981201979078,0.46935797005416613,0.49687556199845795,0.4933656522465143
0.5231814005400989,0.46874850207834917,0.49477030483646844,0.4985992227874411
0.6611006276716049,0.4778992202040109,0.5189740556450321,0.5330847421005428
0.512686181546063,0.46687103915779204,0.5064038456126632,0.501770748425421
0.5467416223699705,0.47428018811610784,0.5097733879427665,0.5084560665403829
0.4945872319608536,0.4663066179984171,0.4924702149228756,0.49142558031741485
0.53866883113297,0.4750697094158224,0.4964152896048021,0.502245439751222
0.5155210408311639,0.4696746750173091,0.4897092219296144,0.4926938864316037
0.5390098740810304,0.46110593057036425,0.512808876777357,0.5071917268209543
0.5425157890656592,0.4758187407782387,0.5374722287561475,0.5146259422003236
0.5463962658171897,0.4723577044883423,0.5298674432430756,0.5210169970135874
0.5269901841246354,0.4766637156492226,0.5100398888624973,0.5097008995163606
0.5206108682523289,0.47137465324416716,0.5036828520322052,0.5017032743568903
0.543253709083674,0.4705552984332012,0.5087524569592998,0.5105395333898193
0.5400947651212252,0.4736213188672057,0.5289283585456701,0.5198844696427634
0.5215173699261736,0.4674023574855365,0.5063643462287389,0.5025443483465929
0.5203660716368874,0.47096255638193096,0.5107318666405403,0.5006107974966658
0.5078164660631818,0.4670766680379072,0.4961197352782649,0.4932504553308979
0.5062142587078576,0.467690097400676,0.5056036133200282,0.501977224143361
0.5044845670837342,0.4721805357242959,0.50422374736432,0.49793617564870807
0.5371519249309045,0.47543062514901424,0.519262015931317,0.5174978374527548
0.5078743047122461,0.4688095204600231,0.5044767732174483,0.49719119851304017
0.6514629004413677,0.47826529822585423,0.5102705907377978,0.5287638966324548
0.565571789867076,0.4707687464359289,0.4986305808368977,0.5064170247532754
0.5510858890694202,0.47410533781212355,0.5237076918792012,0.515449515435478
0.5319138976470924,0.47375432000297785,0.5221931596326379,0.5077267099892747
0.5430806885349727,0.472625120409612,0.514329205830254,0.5082782971412644
0.5146844185968598,0.4715354595073881,0.5068609852616532,0.49962809019546234
0.5142647633069833,0.4724720500637302,0.513754604525986,0.5004126997583623
0.5251839917359491,0.46720974584673974,0.5160009644431793,0.5049498251353628
0.5354985591247426,0.47655135624830225,0.5354385962787378,0.5179249581293253
0.5180127562611463,0.4689301631590505,0.5030465445956925,0.49910486361924544
0.5153540126753978,0.47136114589432976,0.5042842000677582,0.49876194955856396
0.5572758969400903,0.47443769440880973,0.5423521018627774,0.5181115553145068
0.5865787079752719,0.4803044058975869,0.5200768317172756,0.5282555526641437
0.541004147800584,0.4684027189663455,0.5258679398184041,0.5092943438221216
0.5134252201270842,0.47075530040887575,0.5127369098473539,0.5043444733441376
0.5546138456982264,0.47560301024334595,0.5140833069470012,0.5142498991360083
0.6347036027399728,0.4744644648076892,0.5068489656592143,0.5270819819303847
0.6187398334572758,0.4766011249730496,0.5183226288812195,0.5290450326605164
0.5544503780597027,0.4654467126591025,0.5202851026794993,0.51537567925103
0.5260245342024488,0.47152988556055236,0.5140098249095653,0.50892760397424
0.5416365778432123,0.47344052705843237,0.5177638659710397,0.5122863928321268
0.5581842054103896,0.474668468472085,0.5306355194094086,0.5154356968910697
0.5153527044062355,0.47130177690376723,0.5130783131574873,0.5033297395538314
0.5036470579055349,0.46701341782979516,0.4984446893378891,0.49566107315142804
0.5124595309609047,0.4726158517539047,0.5121489173050399,0.5058837168056021
0.5298209342343183,0.471266993507366,0.49919891615054784,0.5006974924773772
0.5100304274796099,0.47111950645821676,0.5034035367735539,0.4981088268944571
0.5515991848523306,0.4702164061921078,0.5107420288903541,0.5131644216911766
0.521167657254208,0.4662543331039952,0.5199552720929456,0.5060216440289433
0.5231988106451759,0.47138941132586787,0.5061854349411762,0.5048785621005176
0.5497754649247852,0.47613336514570054,0.5212156337727905,0.5186822996691486
0.506501667601669,0.47106655067996217,0.5034175134137076,0.5019428478380423
0.5723340531589094,0.47772694850107117,0.5197871314091141,0.5235634765756154
0.5229688428187186,0.4714755922595295,0.5181433422799926,0.504113620638176
0.5112948890845034,0.46810911703022323,0.5011316662024398,0.4984641716073077
0.5020700423592451,0.47093838634779417,0.49452828908733004,0.4930421587523391
0.5264595162701959,0.4753093227653179,0.5079722895851643,0.5084131005237946
0.5555904276037658,0.47542326117061684,0.5111290911886666,0.513011606547571
0.5157685229121123,0.4732711712870676,0.51225727277325,0.5060625833727734
0.5133342011566328,0.46651205486667574,0.5025472297669316,0.5006312389536058
0.5243404348033499,0.4683855689379599,0.5205278002716666,0.5063951408510672
0.7369815430665811,0.48353017936082227,0.5146005388317115,0.5498889794987379
0.5132315476097146,0.4635897589326301,0.5044662717823902,0.5037499822985221
0.5802488571602392,0.47771715128609155,0.5050217823745964,0.516324824831614
0.6013668032173962,0.4723829518580015,0.5068055122673928,0.5191256361402151
0.5059054100125958,0.46760369877933466,0.493766575774563,0.49450224600491205
0.511396770470987,0.47171562819073304,0.49278843902589947,0.4947685393021485
0.5127259647175528,0.46342078043873786,0.5045055112210919,0.4994340231534783
0.5141730487136948,0.4757282530816983,0.5110320638240646,0.5065619998126447
0.5249278874850369,0.4729453256440884,0.5057899048236182,0.5047732878674627
0.5758061840244001,0.4761568456383244,0.5118667336608551,0.5203819529428271
0.5298450535579465,0.46939922140388673,0.52351795179027,0.5098382515160098
0.5266867106098979,0.47418239596785544,0.5154801428705007,0.5103138482754263
0.5511009269420669,0.4747300768331736,0.5163380063557311,0.511505810221287
0.5423072569315917,0.47546815361510947,0.5096925127712907,0.510509242271517
0.6292369042938173,0.47579822763838536,0.5252171951175797,0.5268645786938911
0.530278658202572,0.47273480479745167,0.5242109478274151,0.5156812402898818
0.5122740854997367,0.4711564851535654,0.5027180413895067,0.5006305978086554
0.5168827997317259,0.46558343228580573,0.5106667150112133,0.501101995355579
0.5277175727635246,0.4658021897628213,0.5010100358313945,0.50274016739402
0.5149376213714031,0.4679097441625689,0.49997747049861624,0.4971730565883208
0.5158575091552942,0.4665715223450158,0.5072006644347121,0.5022340556334084
0.5271866937287276,0.4685058295087995,0.5157733319644454,0.5138105223698777
0.5092040443874094,0.4684745725218465,0.5024271916519273,0.5002964930148726
0.5380046870025089,0.46370175398739033,0.5226055226584249,0.5103650131190988
0.5322902590659647,0.4717497551992955,0.508274041477457,0.5050565504623374
0.5192951571154819,0.4725744432407792,0.5006257144141979,0.49642295580478485
0.506995650922844,0.4694202468239039,0.5066596202633348,0.500941303104521
0.5286171781613237,0.4727379255262233,0.5095339640354247,0.5069116119932716
0.5062476042191741,0.4695328020448774,0.49989083874811474,0.49703507508947775
0.5808868232880128,0.4759570117683072,0.5350022055276465,0.5314234275703759
0.5230125863862685,0.476329215165533,0.5217947494121529,0.5084629089862897
0.5388467380104673,0.4726956760784555,0.5223049025961513,0.5136663927977698
0.5072078254733215,0.467149262174084,0.49332393782435835,0.4942104137353354
0.521190986123283,0.4719308267551538,0.5103839669457404,0.5044248580218004
0.539203402535499,0.47641532719930135,0.5316144880035876,0.5168665015210507
0.5317160968272774,0.4720361211267071,0.5255897550896429,0.5192629651238414
0.6077127537686452,0.4746524131246626,0.5139749212151798,0.5243697853735464
0.5350085298417913,0.4724174904519695,0.5296904336531927,0.5124933229227997
0.5173605023658822,0.47336781645875,0.5155276511093685,0.5055652814148143
0.5205104681224859,0.47163240888134167,0.5125714297362,0.5059725104300861
0.5616445424224954,0.47591290271829373,0.5222952226420047,0.5210975377712106
0.5197601518240328,0.46965903366344025,0.5140966902137073,0.5060684254706086
0.5259474987640349,0.4707126383884087,0.5185733229158705,0.5102232782718507
0.5024402251443253,0.47165443785766087,0.5005683452845019,0.4970793078950172
0.5907626300980331,0.47448340367076913,0.543266285287766,0.5236083027514227
0.6172657964138216,0.47524863982467525,0.5026129221250483,0.5180628073755854
0.5226571576011539,0.46749640055367836,0.5124407639224481,0.5042349790611207
0.5117543814138514,0.466403194929643,0.5084219857650324,0.5000597348276592
0.6948185890820722,0.48099367179870683,0.512653945601004,0.5410470847572222
0.5224610713337099,0.4744008012492545,0.5137216235095666,0.5111268907622025
0.5232053864907081,0.4706327046748814,0.5030424212915253,0.5012646994215534
0.5261742536324047,0.4689065589416722,0.5153156199348754,0.504848483361336
0.5253360135687289,0.46829790587362913,0.5209637055400386,0.5144794134947971
0.6149779507422263,0.47717869481883257,0.5151771857445879,0.5265132641637984
0.5855856585623194,0.47574659924023177,0.5088007790438609,0.5201443472588311
0.5291918479766098,0.47249388433119355,0.5155120659483988,0.5116117866378207
0.5137607969401433,0.47038211593643003,0.5114439137537339,0.5028389770930818
0.5550629273975415,0.4757799431586367,0.5238487972142106,0.5179739759193835
0.5314265229215233,0.4702142751094741,0.49986649446727743,0.5021218872934361
0.6039936490347376,0.4774924905705046,0.5378274438963799,0.5328777253953647
0.5945452461202216,0.4773648826659547,0.5483462396119174,0.5322543370839274
0.509055760143838,0.47190753592967694,0.5048388784458158,0.5017749540202966
0.5147453320710839,0.4663032056603191,0.5108835203048068,0.5042999061953842
0.5415179048551378,0.4726400834232357,0.5128292602500101,0.5119367642548952
0.5272011565703307,0.47146654435149943,0.4971276112687397,0.500168137824927
0.5214370992462395,0.4687820654863683,0.5135217811707494,0.5033398600218469
0.5996487444812357,0.4778964851807063,0.5050845683431616,0.5227371386237838
0.5367733446164156,0.4742244833767224,0.5093759264898156,0.5132779487313199
0.5127605874322532,0.47254658323912074,0.5069942059268441,0.5022731316646963
0.5349320780364043,0.47207552752714366,0.5160385640151138,0.5075176902962516
0.5212500555315539,0.47253606061512654,0.5104473698236643,0.5085937803510772
0.5131612397926708,0.467790315057129,0.5021995882156916,0.4988335979041493
0.523536286918959,0.4730984273577013,0.5137866537542587,0.5031492007423999
0.5041531250055826,0.4659762833732295,0.49938917158473595,0.49727886243249914
0.5377378053734417,0.4710344423935661,0.5262103810573557,0.5105251763141079
0.5313030645711039,0.47080696504236236,0.5120127580931251,0.5053422821452251
0.5539885145739032,0.476540527455619,0.5099044767117835,0.5081791744323597
0.5164583347930726,0.4726953969412024,0.49700661601688506,0.49707697489643643
0.5064285449511047,0.46890460407219564,0.5059020842264864,0.5016624778977519
0.515471366858435,0.47277669942170003,0.5062113058561558,0.5047670373587159
0.5234367300725816,0.4711960998377664,0.5196258201307323,0.5076538258992871
0.5740408952327912,0.47376704816976367,0.5048553315322046,0.5135857876587169
0.5513533685613179,0.47478035910917926,0.5446159300058853,0.5311787432050753
0.5564356304115629,0.47577485944044673,0.5415059501649111,0.5197969108745236
0.5380067862017682,0.4744937285718166,0.5355545643494521,0.5198948099601034
0.5613488998904934,0.47589105160339995,0.5340131506425876,0.5230325647463338
0.5112293217955913,0.47223631099302255,0.5107679675267555,0.5048198183465512
0.5103751687083796,0.4714300932165816,0.5098550257303883,0.5011140110823414
0.5383580931043175,0.47320917551084873,0.5132532957223913,0.5093780613619698
0.5393352042319731,0.4712938964345051,0.5187730858183723,0.5148641132972905
0.5077246771860928,0.4684659844326301,0.506404760588302,0.49659084520700586
0.5335215490341881,0.4699896521242137,0.5257800583566731,0.5181096462943436
0.5155744278009118,0.46556655165117355,0.5095159148452165,0.5011912288271223
0.6377513226598354,0.4785342912097606,0.5111851803894035,0.5246917354373066
0.556439806280445,0.4695442246592682,0.5073209608347778,0.512712296368514
0.5228133347736407,0.4692408278417662,0.5166697733288055,0.5117830082974886
0.5023417283527942,0.4701600059004647,0.5014899944820335,0.49678851631719906
0.5952949741409779,0.4747235523080715,0.5172040074078232,0.5193017109694287
0.5196389674474143,0.4711729743045612,0.5182804751225951,0.5127379834007275
0.6443826095111027,0.47893319585220473,0.4958591019077578,0.5224061534198253
0.6128921199172369,0.4786157945858638,0.5325344645757168,0.5341766978004926
0.5426074886884249,0.462681799573162,0.5214567876031759,0.514710914345869
0.6335555951281336,0.47709255912169435,0.5081816165718605,0.5277898462470082
0.5273505957894304,0.47224079584413015,0.5038008661342094,0.5048005816679086
0.6306155135254983,0.4776827975003375,0.5156719822558244,0.530532918425266
0.5607305807173889,0.47135406998267676,0.514783996612315,0.5189833341014068
0.577981691427148,0.47595895232563623,0.49870207189035254,0.5113994399738437
0.5444422018051601,0.47143533444948527,0.5161256261776729,0.5152847775339655
0.5108525909956001,0.47305367033878604,0.5096169096244243,0.5038784735128429
0.5910131543761983,0.47808861121633434,0.5059521609214889,0.5156144979913211
0.6047954469679532,0.47787224947759654,0.5113076800795698,0.5193959986630009
0.532442061160438,0.47096701878312547,0.5165735838946366,0.5072122717560809
0.5328734141668192,0.47190553140611785,0.5208644522389677,0.5132152502245677
0.5996359600017666,0.4758839910651413,0.5095359933662077,0.5225969426140338
0.5334305837115983,0.4743277004483736,0.5173621404603108,0.5109720272314231
0.5102528358163638,0.4727601051675332,0.509774426389987,0.5014746703210055
0.5701993792083572,0.4763269348017407,0.5030820423510407,0.512635981528866
0.5438410154376351,0.4729375363862199,0.5230370104434954,0.5115305203251619
0.5203140220012294,0.4694688035095416,0.5063899963142708,0.5042907714272162
0.5320703501296455,0.47399146959633337,0.5217014486405964,0.515927578095502
0.5669766279498839,0.47557528777741026,0.5154333240723618,0.5200291592785867
0.5093342827197324,0.46769733464616553,0.499841766037685,0.49667639119656587
0.5254789110007986,0.4668995721864395,0.4957303551419915,0.49998526878067073
0.5382804999563598,0.46766961384281996,0.5129029088461556,0.5102589855178734
0.5114207066733689,0.46927269034716074,0.5072600198818132,0.49516393636975753
0.514338358081345,0.4725465829883925,0.5105855203823543,0.5029111911765384
0.5220548904927946,0.4726446072786677,0.5183547573372057,0.5026754688795604
0.558199749222559,0.4719737717146433,0.5163950474880957,0.5080640940999833
0.5262302474185779,0.4697761665422518,0.506333842939051,0.5029981364523751
0.5179127955034775,0.47406005231446313,0.5138532714777335,0.5095307887769295
0.5314453931342427,0.4676747309124301,0.5127857464395507,0.506636593879485
0.538054371045074,0.47210729644393756,0.5229270526587187,0.5132004301712392
0.5815407580694709,0.476872248666863,0.5025797994887385,0.511233986223543
0.5605541450615016,0.47417715733463756,0.5097065700847434,0.5112277333386228
0.5298515000003304,0.463649630075345,0.5247881411320932,0.5161957743231517
0.5731320096847037,0.47814410436208543,0.519254094966218,0.5221442742164621
0.5198035355851137,0.47347029523728734,0.5092293821713716,0.5032642811169292
0.5538871372848829,0.47289559041789253,0.5136783699812558,0.5164617570275145
0.5934002678417802,0.4781709727818847,0.5440977051145175,0.5288464221629738
0.5450739624943127,0.4740240497431943,0.5369282356800382,0.5164171541948216
0.5540256087099119,0.4747655124853467,0.5350183497128742,0.5166255033005932
0.524814524979035,0.46192210006882256,0.5001730657460212,0.5020296507489502
0.5761537704143805,0.475597300776393,0.5320731660235491,0.527304743131298
0.5246519925612864,0.47394681045423975,0.5081753812408292,0.5074885098713343
0.5253818635812743,0.46749425498906194,0.5148382780004487,0.5012247356705333
0.5293823411144467,0.47270892761705613,0.5273694458739935,0.5085627644918226
0.522370640562976,0.4684503347978335,0.5031655239414322,0.5025239169417773
0.5441538820756588,0.4664040063045016,0.5129327616667327,0.506056504112857
0.540264302397196,0.4757601358164897,0.5153458460803755,0.5120208310317016
0.5203686830594224,0.4720951695602623,0.5015986859177818,0.5019339027466387
0.5466752988485298,0.47242315249301353,0.5319471881331561,0.5225697732251129
0.5490225927353058,0.4752328240303824,0.5287556408965521,0.5160460503709523
0.5176868007698489,0.47060608322238845,0.49691088293849156,0.4960178214425762
0.5008807556002752,0.4672550127964475,0.4990678496581097,0.4968073298563526
0.5121179597055948,0.4731760923912507,0.5049520150598159,0.5000972296449039
0.5220611327273155,0.4718835411045676,0.5120941831715726,0.5066327377822288
0.5264463279051976,0.4693383931444566,0.5181568801425093,0.5067682925469952
0.583133904920329,0.47640073944569883,0.517689348877168,0.5184861715249822
0.5318141927657936,0.46667545042150604,0.516733788494133,0.5063863446713771
0.5054934767365572,0.4724902565840369,0.5043235985196934,0.49916239002114493
0.6200341134696977,0.4822201505527734,0.539077615941643,0.5391909077165601
0.5671545146867927,0.47383897117832013,0.5385804200193406,0.5228915090667957
0.561376759475127,0.47441131086007154,0.5056062243617,0.5104055498468197
0.5077446641868681,0.4733136841414022,0.5059525197255804,0.5047546533814715
0.5131871860518411,0.47501908395597314,0.5104754373974758,0.5041994974702486
0.5097324452500469,0.46651453470878074,0.504179844079722,0.49914855343058334
0.5334357582751588,0.46884951294678856,0.5225313597583805,0.5168525828242265
0.5153833205404733,0.4647643159625665,0.5080413400064476,0.502545398263561
0.5583166605064475,0.4653072224955081,0.5134022735681374,0.515512511565765
0.5428150565303977,0.47552221409145334,0.5425995676164781,0.5270771257546019
0.6077539907739544,0.47646143577074274,0.5136351945763772,0.5236734820499042
0.5258131230062774,0.47162175330784273,0.5254930099911651,0.5167194494933742
0.5207781761696194,0.47295672252826065,0.501259795294336,0.4932686653696227
0.5970014582452786,0.4756579028283577,0.5309194596184464,0.5261609485007442
0.5519985431815225,0.4684121988040723,0.5152162213061982,0.517700493876625
0.505652797112724,0.47150407738634814,0.5015215425322181,0.49474563842368424
0.5176193774781341,0.4670600749240949,0.5030785790944703,0.49782602195352144
0.6327555332647621,0.4743911837043166,0.5241916574794752,0.5309450378463956
0.5479333485158568,0.4760106659199574,0.5175650808499488,0.5154238582310248
0.5579520485533541,0.4754365954818672,0.512837972879086,0.517910072179121
0.5025774368978213,0.47321087544027596,0.4998639082611386,0.4953100007350022
0.6234394399967256,0.4759131678571327,0.5233698686363515,0.5246777027677153
0.5305927381552746,0.4714093053628762,0.5220239615705228,0.5095788968516033
0.5049283268088327,0.46881486204731937,0.4969959497337668,0.4975655492256118
0.5172290134117865,0.4720413984905921,0.5037808623014955,0.5017459721387902
0.5434235296968105,0.4654759557040419,0.5198351948078448,0.5097294570304518
0.5197045279839111,0.4732902426846931,0.5179555632350434,0.5081428407021581
0.5329957837791174,0.4672937278315788,0.51082450316588,0.5039918464756182
0.5242550472480831,0.46937755450996443,0.5021775959164848,0.504131352092803
0.5129119327249143,0.46297340667866554,0.5094216501061998,0.5014103524220872
0.5471762193366236,0.47369522084197574,0.5160233898699952,0.5150193542337588
0.5340938762184934,0.47284226160207377,0.5083946262582936,0.5067201733444904
0.5775157506408016,0.4729785994722752,0.5124905839749456,0.5175051565647695
0.5313888755603843,0.4706079937492648,0.519580193783336,0.5081015268715098
0.49245503547090586,0.4677590650186643,0.4903832559437177,0.48748329171768867
0.5194567523073891,0.4723223129217332,0.509703525469951,0.503744815733593
0.5349376520587377,0.4679089991792659,0.5150851588032035,0.5063323672471941
0.535780599195843,0.4721698972704898,0.5023426382277575,0.5068566472939978
0.5434338431411481,0.47523185337529383,0.5053270539852045,0.5060491217296399
0.6167876658614915,0.47638387871626986,0.5142222730427445,0.5178824782597401
0.5118214733164937,0.4732919101126888,0.5100990532221582,0.5070277104445687
0.5329046917017756,0.473793798362092,0.5218339513457422,0.5035677198012315
0.6435502753971352,0.4785110988767891,0.5090379192624508,0.5313345977597984
0.5914237571656527,0.4782013177551561,0.5157103556469268,0.5249444963510749
0.551899749486655,0.47409338398644446,0.5036331620554597,0.5075722139677545
0.5219344514600764,0.4595649860061541,0.5028158776313331,0.5003367187872104
0.5221241136746059,0.4749076747510649,0.5174584160985614,0.5066174196138675
0.530431006385466,0.47130366128815043,0.506134375451847,0.5087613342117305
0.53345785592747,0.4733240780894777,0.5221739901021405,0.5142200773061417
0.5201027324183418,0.46486120291393623,0.5022556661303634,0.4985058664472571
0.6723125044116708,0.47756002241017786,0.5210560562613853,0.5412373290280115
0.519138142014873,0.4709115905128367,0.5108079957673436,0.5028527693165581
0.54520800244326,0.4734067348952808,0.5131629489326658,0.5133998833886736
0.5045098172040902,0.46898873236579597,0.5029655028358535,0.4956012068223859
0.5129792114263801,0.4713848620425258,0.4979777179421521,0.4972083266830266
0.613502897335916,0.4769618480976273,0.5100188905523676,0.520779252601389
0.5298140428366995,0.46759389751964553,0.5221924724837229,0.5147890564030428
0.5927721446935238,0.4755446100231022,0.5414885596731707,0.5325970536306712
0.5894305409788817,0.47709457910290937,0.5359582066635897,0.5233919496916342
0.521770388302599,0.47012558404634064,0.5022306553080533,0.5016333877165563
0.5274209314450582,0.4764917460096901,0.5224836064066911,0.5144374679463249
0.5157271361889678,0.4697946209116375,0.5136118555044694,0.4981982189059602
0.5359264956009182,0.4624021658882315,0.517559638982663,0.5149623346864244
0.5156262498722439,0.46550698172298005,0.49821361678619175,0.49470699680777896
0.5065997144847029,0.4699150528874533,0.5016379650679932,0.4968543136399231
0.5145090600155239,0.4658560869509523,0.49728422242823433,0.4961357938449898
0.5257791805290745,0.4677466059783952,0.5205824041038017,0.5031169002164868
0.5581294111888834,0.4740835423114613,0.5483247855839843,0.5236338835679212
0.5044088694075545,0.470282227833798,0.5021297102313339,0.49738866050470343
0.5046261933559707,0.4603859132339384,0.5027622272985303,0.4998859513125863
0.5382365448329345,0.4711900235496025,0.520212295482672,0.5121727046980741
0.51374677304453,0.46674654777047037,0.5124539985839975,0.5002437461313911
0.5215434584749691,0.47223058098786863,0.5089500237002594,0.5042668088172368
0.619600332664347,0.47690047436375016,0.5216290913726558,0.524630058661952
0.5183278160964274,0.47040892451795074,0.5148800466401648,0.5124831207378622
0.5599753308163835,0.47657972220448275,0.5289886038891258,0.522867338333627
0.5138489238707429,0.4669430017583169,0.5125550250289209,0.502380119256456
0.5202917243587044,0.47113032676881966,0.5009646956763124,0.5008158938476517
0.5423592168584727,0.4651634081137662,0.5108527453919236,0.5097429846742936
0.5145661413694113,0.4671999071221182,0.4994836993982016,0.49350095666941585
0.5231899014934795,0.47267184489292546,0.517813519265116,0.5102527978175898
0.530176412958631,0.4719145681056808,0.5134380825183725,0.5122792569689869
0.5289643576778669,0.47094541728453754,0.5075656883787336,0.505208618669869
0.5439411709987682,0.47035639548605745,0.5288481046658451,0.5111004270763406
0.5158250098851221,0.4725097599689936,0.51319379003034,0.5046104335666868
0.5219543573754987,0.47335956892396874,0.5151682991465851,0.5083270319699198
0.5484683177950166,0.4746592226478762,0.5198001505221989,0.5183621169030577
0.5288591162518302,0.47112626632815524,0.5263083336461024,0.5126151332856612
0.5915145165155599,0.4762272820336905,0.5226723264084692,0.53362145380009
0.5220794267930148,0.47336319546161104,0.5194120757141357,0.5140882893676838
0.5371105526709461,0.46354780726497713,0.5272738999175084,0.5140944255007509
0.5205037422406459,0.4646246267310263,0.5017447871403388,0.5013435328256131
0.5243093645373923,0.4729886772485127,0.5140763140369496,0.5110549641735486
0.5448719989313456,0.4738296368243136,0.518080249182283,0.5169572338611139
0.5224503210966884,0.47015155834993927,0.5216196829024334,0.5124518601978718
0.6028026200237645,0.47850572919546036,0.5001061127448613,0.5160824245118218
0.5092968838202583,0.4725124024854774,0.5088021042358652,0.5000684608916514
0.5245152440332869,0.4692690669683192,0.5016027961031062,0.5023131659572382
0.5038196551746548,0.4699831140169833,0.49854911900816806,0.49708951676470814
0.5439798814126264,0.47197533828708105,0.5027847385344258,0.5066683548840404
0.5569238192990302,0.4733229704161242,0.5214762131774322,0.5229348415285521
0.5065964042688028,0.4645398025532194,0.5033231248386225,0.5021646117642333
0.5390666837893321,0.47671032014623416,0.5380386615425876,0.5189786551490176
0.5250882431839308,0.4701448038640515,0.5140768582363536,0.5072467697831493
0.5305683268494555,0.47412168546035743,0.5189338785898978,0.5152670306812641
0.5256036263568307,0.4679088407379373,0.5243794514638712,0.5000772749480942
0.6091749775671299,0.4769677702942253,0.4992487678707635,0.516802847710258
0.5498622511074487,0.47237623274040885,0.502460812835808,0.5070096824760763
0.5395088633670043,0.4727686560387125,0.512429162843461,0.5053444669082074
0.5288180645854083,0.4696745072306818,0.5163026999407405,0.5061270206729754
0.5243199050668423,0.47174994873102893,0.5181349536326664,0.5096061481822162
0.5270244035291769,0.4709189425356633,0.5109377183546837,0.5024703072540546
0.5221262424996852,0.46763437001543323,0.5194678952109445,0.5079584564251445
0.5017778507148697,0.4640952427332725,0.49402384043507663,0.4939600400505822
0.5750933596138331,0.4749676450909976,0.5147069671172264,0.5189122616145911
0.5068397051856267,0.4633600090234864,0.5034373244002697,0.49692584672664974
0.5143497577441283,0.4699369159286318,0.5072513613176356,0.4996222744513519
0.5242500601779755,0.4663029792449242,0.5139341971579123,0.5039842236025971
0.5078029589252768,0.4703091164071712,0.504803930305328,0.5033464143875752
0.5237066479178123,0.4692257442966966,0.5002384425749224,0.4990850240614394
0.6656171293763247,0.481274496307875,0.5221298057632354,0.5369339026807654
0.5491947528313044,0.47485651232548454,0.49930838040598613,0.5047971496886109
0.6092173143250508,0.4759636672007935,0.5130911715396979,0.526475258636229
0.5134079600409451,0.47231336869202484,0.5043326396302972,0.4982034406250947
0.5307310692430312,0.47195034798213714,0.5245804281541483,0.5103299925302082
0.5052295619427333,0.4712343127574603,0.4980908312776888,0.4952290190701155
0.5378737819814166,0.47385741971751355,0.5081245881015104,0.507701795032367
0.6147154940635061,0.4773684836210126,0.5609694267205364,0.5408323847966577
0.5386255031195751,0.4695664159660498,0.5120033612729914,0.5075783647330507
0.5099511627482214,0.4721849281715944,0.5013162662328261,0.49888621695903296
0.5405864013472803,0.4710198352704162,0.5058451963926334,0.5045110887019943
0.5548354863256699,0.4767074291407591,0.5311239742746555,0.5252521471045559
0.584784239792454,0.47225083190636774,0.526768667487203,0.5202762187087702
0.5006363796156191,0.4623819168221993,0.4937294552071398,0.49312993311094855
0.6348026734771866,0.4786575224056476,0.5131332266371925,0.5311351258222211
0.5410781006922614,0.47464979324310397,0.5368960417517399,0.514794203267585
0.5456362417285779,0.4760190785841191,0.5440932118067763,0.5242169859041035
0.5188602484782143,0.46662703690007845,0.5074586054681841,0.5025122700685355
0.5340426509612315,0.46821768778829764,0.5002877730417246,0.5040902333736453
0.613886448043736,0.47867448647031974,0.5192342977795019,0.5220348189889205
0.5292016592364736,0.4697600889535871,0.512344407268288,0.5094503551760869
0.5274851631065315,0.4581005085803182,0.5094740557909642,0.5025467841936535
0.5147880977603845,0.47378617409343027,0.5071263201714554,0.5042321594106893
0.5548686827602306,0.47377325786819047,0.5277230707369102,0.5157087940267859
