source_id,ra,dec,parallax,parallax_error,pmra,pmra_error,pmdec,pmdec_error,ruwe,astrometric_excess_noise,visibility_periods_used,phot_g_mean_mag,phot_bp_mean_mag,phot_rp_mean_mag,phot_bp_rp_excess_factor,radial_velocity,radial_velocity_error,duplicated_source,teff_gspphot,plx_snr,pm_tot,vt_kms,log_ruwe,log_noise,tension_score,distance_pc
4915737301751402368,23.02593647656361,-53.59804529933088,24.546480798821342,0.6982242,-82.08327135217257,0.71054155,20.37656566279513,0.6821628,89.19043,8.320475,31,14.087738,15.104082,12.330383,2.408398,,,False,,35.15558649994547,84.5746289621456,16.3332371203058,1.9503182,0.969438,2.9197562,40.739037428453585
4928347433108236416,14.23177290647748,-51.87546502553087,31.82989178757504,0.87054956,106.55306245947484,0.71196264,5.7690226264010125,0.82633024,65.453636,9.574432,31,8.788604,9.345057,8.025312,1.284613,0.017852262,0.66392344,False,,36.56298649148573,106.70912211032696,15.892337789467554,1.8159338,1.0242571,2.840191,31.41700910181401
5599574508495310848,114.36518722138187,-29.21841000971281,20.60891828127482,0.8267572,13.110676641866805,0.7651916,-80.27950724454976,0.8265627,59.83281,8.286204,27,13.752552,15.085046,12.250704,1.891169,1.9099436,2.0359848,False,,24.9274133511582,81.34303366260266,18.71055072002088,1.7769394,0.9678382,2.7447777,48.52268257614452
5805136969048123264,257.03608189057064,-69.60558528169821,23.448769767841966,0.7788986,-50.10634140366888,0.51985675,-88.94418314650292,0.7624647,61.268482,7.6668105,29,12.168547,13.354303,10.721546,1.8392367,,,False,,30.10503532202212,102.08679231154083,20.63815633572268,1.7872372,0.9378593,2.7250965,42.64616054064451
4621878289355122560,69.76331025042394,-81.91627752169192,31.114344698003304,0.6817075,15.40467213840077,0.76895994,287.23186471487395,0.81327546,49.81452,7.7599893,28,12.606128,13.922322,11.403348,1.490222,27.878328,0.7125143,False,,45.64178131175432,287.64465583645955,43.82450843454742,1.697356,0.9425036,2.6398597,32.139516666863074
1476094811262603264,201.3679486589072,37.71954766221739,31.02710513898841,0.9197376,-210.33050867858307,0.5495639,35.81672420815689,0.6692781,49.412502,7.445161,24,13.733575,14.734554,11.988296,2.3889573,-22.201937,14.257463,False,,33.73473684244244,213.35829164575412,32.59790355133737,1.6938368,0.9266079,2.6204448,32.22988401658549
2157225359678799232,278.06069350796685,57.472621392212325,21.93987651105806,0.567568,-118.51824796409154,0.6907176,92.8127168356931,0.71506053,47.580658,7.0737915,27,13.033968,14.249062,11.847853,1.4918681,-12.448914,1.0005955,False,,38.65594316691234,150.53496439997068,32.52554691132649,1.6774304,0.90707755,2.584508,45.57910795423044
2039606129792672640,290.1771773798632,30.54745050011687,20.17848709343876,0.5769821,39.586538472869776,0.66922677,85.36638260962526,0.541612,55.340992,5.4616404,24,13.476478,14.100525,11.7961,2.3868,4.6675267,10.042657,False,,34.97246753432867,94.09842351557718,22.10625363820921,1.743047,0.8103428,2.5533898,49.55772924745979
1761587197303801984,313.8831982312859,14.141927539149288,23.090606039252027,0.8245388,47.41431705494436,0.7459931,-156.5731910876764,0.6052969,51.513554,5.9329047,19,8.838723,9.2689295,8.231004,1.2246786,-5.1155496,3.023523,False,4950.8223,28.00426770062078,163.59487042436513,33.585804291246376,1.7119215,0.8409152,2.5528367,43.30765499615241
5852426100862268544,210.03013880928268,-63.56494126462717,26.60495328125393,0.7097479,120.0510061897468,0.50851834,-218.335096683777,0.629253,43.671837,7.1709805,29,11.786607,12.894518,10.724323,1.381159,29.294548,0.5973264,False,,37.48507447176197,249.16351765674864,44.39595018490549,1.6402014,0.9122742,2.5524757,37.58698575519049
6714021730425322496,288.95817981440103,-41.11005818965287,21.461189170695828,0.6770138,87.2521333138046,0.73095244,-49.39191485192156,0.7157637,52.526367,5.788804,17,8.69096,9.065308,8.141597,1.2118884,,,False,,31.69978028905152,100.26213652495842,22.14647317779826,1.7203773,0.83179325,2.5521705,46.595740433873516
1292155518186768000,229.0875432978408,37.06965001673765,32.64979228777027,0.6815784,-271.4036626563287,0.58971757,32.90443122843116,0.7968968,41.01935,7.5742908,29,6.9532356,7.253214,6.47467,1.2042378,-41.420666,1.4524934,False,,47.90320878054756,273.3910197825394,39.6940328479205,1.6129887,0.9331982,2.546187,30.628066212065093
2261787850327205248,290.0822471766596,69.91739549923368,21.639113080165316,0.60085577,63.83716565773102,0.63510764,212.42689496920696,0.7997087,45.77188,6.6209416,24,9.160051,9.632643,8.432817,1.2917233,,,False,,36.013822688310704,221.811562875949,48.59215142372726,1.6605988,0.8820086,2.5426073,46.212614920738716
494182239911543424,62.00322421528313,70.00487843915103,24.53448145698561,0.4848793,-66.72852048535668,0.38376197,21.92109226065868,0.4741007,55.122295,5.2772684,29,13.918625,15.10293,12.2113285,2.2719297,-5.2180753,2.682267,False,,50.599150557852994,70.2369541770212,13.570948085912873,1.7413273,0.7977707,2.539098,40.75896210617787
6022999077758917632,243.1697812281217,-34.376164092418755,24.6113841782552,0.6975189,72.99655022738366,0.77827185,-24.517865507688548,0.49047774,49.39304,5.961874,18,13.214347,14.227436,11.669899,2.03104,7.866732,1.2319905,False,,35.28418327120831,77.00403933659616,14.83197107932159,1.6936657,0.8427262,2.536392,40.631603357097084
2296691950032196224,270.5558783256496,83.23437512247035,37.58105851585247,0.57732755,-93.07713257384312,0.7029431,179.3140903792949,0.7460746,43.9227,6.739881,29,14.453472,15.993947,12.61086,2.4730067,-26.65325,8.729537,False,,65.09486434722052,202.0319173218002,25.484280670340496,1.642689,0.8887343,2.5314233,26.609149382478922
6400160947954197888,320.3708445905063,-66.91885062855162,31.70305479425217,0.5759337,104.06412499639283,0.48626715,-99.48600054976754,0.6422234,48.12634,6.056402,27,9.993517,10.895469,9.05813,1.3122464,5.003772,0.44148508,False,,55.04636224329321,143.96807429653708,21.527147512745035,1.6823828,0.84858334,2.5309663,31.54270168883858
1030578231604610048,127.86435542498032,54.4597159447218,24.357062759438858,0.7837903,-170.67365381586148,0.70493144,-155.3620911242467,0.66179705,46.14639,6.2645707,19,9.30613,9.798304,8.6505375,1.23082,24.56634,3.4810855,False,4764.1265,31.07599450917627,230.79617731963253,44.91848485607811,1.6641377,0.8612099,2.5253477,41.05585348596598
1524803932288582528,199.1199918096356,40.12027488666614,36.78430533304751,0.6364615,286.67222916278064,0.37606558,-327.7218645891304,0.36574647,49.91066,5.623821,27,13.839675,15.044996,12.196341,2.151222,,,False,,57.79502066317807,435.4108261204976,56.11229953131842,1.6981933,0.8211086,2.519302,27.185507268546584
5408308138660576384,151.46279843536186,-47.32092154213903,20.85331024532946,0.61039865,-45.913761617847626,0.6609746,77.08369879342743,0.65818125,40.956345,6.9358044,27,14.265381,15.807481,12.891026,1.6678739,21.807379,1.7952248,False,,34.163427850869446,89.7216257408234,20.395930918011494,1.6123211,0.89959097,2.511912,47.95401728720605
1866215589940389120,315.31877706948273,33.24185192455687,49.784021123792655,0.7382517,325.5527908071197,0.570315,-164.23093825101068,0.70141363,37.482445,7.5360403,28,11.2303705,12.614336,10.061777,1.4376615,-39.176872,0.47638878,False,,67.43502529204652,364.6318975091339,34.72050935554161,1.5738279,0.9312565,2.5050843,20.08676634443421
935430721585996800,121.3311059924016,51.16296582780839,22.712314251227337,0.6865601,-33.39348323814031,0.6896973,-80.80152316122492,0.5776626,46.03793,5.912609,18,12.751554,13.797017,11.295853,1.8856379,12.5241585,1.0415701,False,,33.081320102814814,87.43003412986825,18.24822646019966,1.6631157,0.839642,2.5027578,44.02897868260878
6347165552647512960,288.0545924544375,-83.484279132426,25.29188192043604,0.6509412,133.39040368466934,0.7866205,-127.7580572416417,0.7934434,37.62266,7.359058,25,7.138142,7.3676534,6.7388353,1.1950799,-13.554972,0.5978114,False,6286.2974,38.8543269167532,184.70279095161948,34.61893591694138,1.5754495,0.92215735,2.4976068,39.538378486260136
935690133313703808,119.93237741358328,50.68762919339272,20.41964991683925,0.75656176,10.770783587060066,0.7493852,-134.37954166769256,0.67261064,43.24303,6.2204814,17,13.338744,14.225338,11.889756,1.9193491,8.696756,3.9304104,True,,26.990063601921857,134.81050032508003,31.296576340861808,1.6359161,0.85856616,2.4944823,48.97243606391806
2226895604737698816,342.73323321662946,71.12427069689777,26.787668095816905,0.4748112,7.473252076990698,0.55460835,-48.68739293464368,0.49797294,45.499462,5.829532,26,9.555551,10.154319,8.816722,1.249066,-20.682894,2.033127,False,,56.41751564206283,49.25760578203773,8.716854399059836,1.6580063,0.83439094,2.4923973,37.330610354850464
4599165883819178240,262.8317634112679,30.139305828176106,29.13811248154682,0.45179322,-198.04508011623557,0.46228933,-26.08506752519707,0.4457982,50.85979,5.0934825,30,14.38966,15.661645,12.703825,2.2133296,-76.3319,3.1386125,False,,64.49435484691871,199.7555618901267,32.49816710238124,1.7063745,0.78486556,2.49124,34.319312914771004
4952751402923758592,40.85702748285795,-37.92878353529694,20.83651049013954,0.599428,102.96615377187274,0.5126017,-103.20932994103678,0.67980355,40.75,6.537918,28,7.919067,8.341801,7.3099036,1.2290287,-0.4018538,11.454598,False,,34.76065608775105,145.78818405292913,33.16795838652736,1.6101276,0.8772514,2.487379,47.99268094689992
1939658740421595136,357.245093514336,47.754649409924895,21.13741172998047,0.5513816,-92.55470785253944,0.45594996,68.3715022838789,0.4352092,48.000675,5.378055,26,13.38682,14.880435,12.085817,1.5783651,-11.788715,0.8897941,False,,38.33536010394256,115.06970179079887,25.806587685214776,1.6812474,0.8046883,2.4859357,47.30948201106569
560680428280655104,23.625910065168597,78.06341552461502,25.380651161908105,0.64691293,-33.5823275813985,0.7215885,80.77270312099989,0.65318334,43.34697,6.0552926,23,10.185155,10.926701,9.343466,1.2801876,1.2728194,0.42140168,False,,39.23348860550247,87.47572403391436,16.338274493658613,1.6369587,0.84851503,2.4854736,39.40009236251685
1344158844768366464,263.78286701770884,40.523641249424585,25.9696734753302,0.48446628,-22.18880946627773,0.52706194,73.76267185268905,0.6199693,44.265083,5.8609653,27,13.572608,15.050742,12.233695,1.6305685,-19.755331,1.234049,False,,53.6047075007713,77.02775489638954,14.060544950654023,1.6460613,0.8363852,2.4824464,38.50645257245712
2134231062552666368,286.4066990039991,52.188164298832014,34.075478302975235,0.59397745,108.93548576165416,0.70731384,-48.52058734457359,0.7449981,35.995,7.4181666,27,14.431943,16.18512,12.945721,1.7989063,10.726534,2.7078977,False,,57.36830283202342,119.25262032504756,16.590037681816458,1.5562421,0.92521757,2.4814596,29.346616681611977
466413416622337536,44.2242208409533,61.45418734166039,23.396553468891028,0.69416803,85.77136697567775,0.64565414,-100.54368932076034,0.6334301,41.820576,6.2358537,22,12.941018,14.219952,11.543745,1.7477806,-12.354881,3.6511238,False,,33.70445254863957,132.15809038839038,26.77708336727717,1.62139,0.8594898,2.4808798,42.74133800645634
5650303672897324800,137.92998284917084,-25.048212170824257,21.18321156259924,0.688466,-159.07793888001504,0.70827264,-364.6119434334468,0.6061927,40.69524,6.3678484,21,14.160135,15.571409,12.766244,1.717414,40.71823,2.2622643,False,,30.76871069692784,397.803544394251,89.02218450313325,1.6095436,0.8673407,2.4768844,47.20719504900687
1886061568653752960,345.62983379613166,29.80048640318671,32.799749232896495,0.77312404,-124.09136615796405,0.68521816,-12.67156454419808,0.6946306,39.775448,6.5293303,20,14.457742,15.371925,12.709624,2.4184613,-4.56787,15.997574,False,,42.42495068188097,124.73666543141069,18.02789454818712,1.5996151,0.87675637,2.4763715,30.488037969419914
1442169070750037760,203.79628673022657,22.500242550616004,29.264966733554903,0.8065995,-268.4413573091034,0.796548,103.3162367785425,0.46133494,37.428375,6.943067,22,6.7892175,7.0281057,6.3875065,1.1913795,-10.776949,0.8505823,False,,36.28190547297971,287.6369362512985,46.59271543363072,1.573201,0.89998823,2.473189,34.170549691874776
1527631807474248448,194.8851758273367,41.98756180109054,42.48777135419227,0.7572948,-238.26970162053308,0.5752224,178.68281676618238,0.64751524,37.919315,6.816838,25,8.304795,8.80641,7.636639,1.235789,27.495777,0.9759912,False,4695.5728,56.10466731027452,297.8254517629999,33.22915216120514,1.5788605,0.8930311,2.4718916,23.53618389780122
5772585514985452416,213.96388601479333,-81.79139318286917,21.20628189269833,0.73646253,-58.56477682017418,0.7917468,-138.42783594590637,0.776144,32.37701,8.132623,27,14.459943,15.524093,12.803655,2.2073555,0.68715745,6.823445,False,,28.794787146422976,150.30668264805652,33.599681617830726,1.5102367,0.9605955,2.4708323,47.155838305833164
2608006877750828160,340.3071119624003,-10.747589282344595,44.64237601284473,0.75545037,236.231639945898,0.82765687,40.4322440214832,0.6737396,43.520042,5.78658,14,13.089948,14.8514805,11.817678,1.5018587,-26.723532,0.6727981,False,,59.09372462854634,239.66675628493232,25.44965500579851,1.6386893,0.831651,2.4703403,22.400241414396827
6637674353112670592,280.298172004501,-56.87458946752126,22.371648640071378,0.68213814,9.75752530470638,0.57853425,-55.419010865184816,0.4781997,42.56136,5.9327035,18,9.991211,10.708135,9.167718,1.2734028,20.881542,0.34533724,False,,32.796360685938815,56.27144982446656,11.923713090665538,1.6290154,0.8409026,2.469918,44.69943257596278
4938555161620867072,33.57873331852074,-49.86267365840998,29.568352034548624,0.69500387,233.0860198501259,0.6413035,-62.43170730667539,0.64566815,37.774414,6.683107,26,9.193871,9.955514,8.329351,1.2928897,,,False,,42.54415469057314,241.30232225737004,38.68617426682559,1.5771978,0.88553685,2.4627347,33.819943662452594
1923896622760418176,352.34657450570336,41.46426656329359,66.43275181674146,0.8020976,403.7451992389488,0.6095363,-41.03687975219845,0.6383392,34.734077,7.309845,22,11.078279,12.743223,9.802393,1.5197104,-15.336104,0.60352105,False,,82.82377391216102,405.8253459412002,28.95865104279892,1.5407557,0.9195929,2.4603486,15.052816158489975
1502044385189172224,207.18299080446343,42.63658053042297,26.56886287314525,0.571501,68.7098079274469,0.44420376,-5.718613160324516,0.49133956,40.09172,6.106479,29,9.510388,10.134522,8.744028,1.2607676,-4.861622,0.28792393,True,4357.8013,46.48961611726945,68.94737298769317,12.301729087447312,1.6030546,0.85165447,2.454709,37.638042876526725
4979767262612500864,11.720019688000956,-44.0300404591508,21.35738386583159,0.61541533,136.7295838366986,0.4562067,9.606760070672788,0.5289113,41.258453,5.8804817,26,12.862357,14.073253,11.7057905,1.4590889,18.103834,0.5793172,False,,34.704016395999325,137.06665872929224,30.423219800153568,1.615513,0.8376188,2.4531317,46.82221410084971
6356417496318028928,328.71099285330774,-77.33745756697532,40.96407900039063,0.5737216,245.05352080905223,0.5755757,-173.57078806783426,0.6173678,37.83206,6.360317,25,10.836141,12.134048,9.7052765,1.4122075,-9.908727,1.7588462,False,,71.40062337137425,300.2965976021068,34.75110503573837,1.57786,0.8668965,2.4447565,24.411631468400987
3287114397785845504,67.91989082459693,7.776066769332277,25.24555017308412,0.65717494,183.0827908778648,0.7371273,-336.7425788466165,0.50741315,45.545757,5.113302,18,13.474871,14.837907,12.085552,1.7200072,40.758087,1.1700206,False,,38.4152657825158,383.2947595831408,71.97297331623643,1.658448,0.78627586,2.4447238,39.610941062641736
1859995961888258432,306.7345258398294,27.51752720408229,32.49374557912561,0.6651717,-23.23850215540629,0.51792765,280.7016609572737,0.63872606,35.169514,6.8369193,25,11.322155,12.480832,10.174497,1.4608238,-65.85225,0.3299868,False,,48.85016367602076,281.66194355396874,41.09129217830271,1.5461664,0.89414537,2.440312,30.775153254182325
2983928735054717696,81.07977038972696,-16.021054872828934,32.06140648712182,0.7951002,31.98659319809813,0.7272401,-24.00298306216711,0.761576,33.469078,7.2345366,23,12.496781,13.788074,10.621718,2.587986,27.474602,3.210119,False,,40.32373026609587,39.99106575603229,5.9129173749955735,1.5246438,0.91563916,2.4402828,31.190147581381755
3315403904256700672,92.6308791862399,2.425095234643282,25.93377183003957,0.6526138,-38.05708243553577,0.69461405,-49.96837024288542,0.59170675,44.11956,5.1635075,16,10.478101,11.397977,9.5334425,1.3156161,35.2926,1.374275,False,,39.738312443132166,62.81066428748578,11.4812481457096,1.6446311,0.78982794,2.4344592,38.55975931899275
3504984860211920768,195.5458610835189,-22.671702099310608,25.57369274293936,0.66842693,-34.057689334579734,0.69485456,-55.748762644708776,0.63254046,48.375664,4.568756,14,13.4429,14.659135,12.128866,1.6485459,-7.9622984,2.148474,False,,38.259518820311285,65.32878951294614,12.109677313141956,1.6846269,0.7457582,2.430385,39.10268298175632
4237555510387302400,301.19418593796337,1.1559120727088348,29.34039815995665,0.78358483,-28.14688307913057,0.8042423,-30.185726112398516,0.5189299,34.676075,6.736286,18,7.4965343,7.863972,6.933607,1.223945,-58.400925,0.85201573,False,,37.44380559561187,41.27257064931847,6.668327468473039,1.5400299,0.8885325,2.4285624,34.082700396506056
